flight_number,departure_airport_code,arrival_airport_code,departure_date,arrival_date,departure_time,arrival_time,flight_duration,airline_name,aircraft_type
1350,KJP,VOG,2022-03-26,2022-03-07,5:04,23:25,10.96,United,Embraer E190
5381,FUN,POW,2022-11-01,2022-07-05,19:32,13:09,10.29,Southwest,Embraer E190
2892,ROR,COO,2022-11-09,2022-05-16,0:02,19:45,10.65,Delta,Boeing 747
2406,XGA,HCM,2022-01-09,2022-02-13,19:32,11:45,12.2,American,Boeing 737
1261,TDK,LKU,2022-02-07,2022-01-26,4:25,16:50,7.05,United,Boeing 737
4286,PBQ,BPG,2022-02-17,2022-03-04,20:07,18:38,3.42,Delta,Airbus A350
7066,IXC,YTJ,2022-03-23,2022-12-19,10:51,21:11,13.01,United,Boeing 747
5122,YVC,EGI,2022-03-19,2022-08-23,21:10,7:47,12.92,United,Embraer E190
7732,SJV,IXI,2022-11-26,2022-10-10,2:12,6:56,15.2,Delta,Airbus A320
4856,XMY,YCT,2022-11-28,2022-10-06,0:13,18:01,9.92,American,Boeing 747
6830,DRU,HKB,2022-03-14,2022-12-10,0:02,17:50,11.27,Jetblue,Boeing 777
4862,AUC,TGM,2022-04-09,2022-08-18,7:05,18:58,12.15,American,Embraer E190
2730,LSZ,DTD,2022-11-15,2022-07-02,9:21,11:19,6.95,United,Boeing 777
7365,RDS,MOD,2022-09-19,2022-08-25,12:55,1:28,1.57,American,Airbus A350
8458,AVO,KIT,2022-05-25,2022-03-13,11:29,5:02,12.26,American,Boeing 747
553,NGS,FFT,2022-03-22,2022-05-19,21:20,15:24,6.27,Delta,Boeing 737
4502,UAE,MGD,2022-01-31,2022-02-09,22:19,23:50,2.61,Delta,Boeing 777
1977,MWV,BUQ,2022-02-22,2022-03-21,6:17,5:51,9.11,American,Boeing 747
749,SGM,KGJ,2022-12-09,2022-11-25,15:49,13:47,7.71,United,Boeing 737
4160,MDJ,CMC,2022-10-03,2022-12-05,16:04,22:28,4.94,Jetblue,Embraer E190
7542,EMS,TBO,2022-06-29,2022-01-08,0:55,5:47,4.33,United,Embraer E190
2329,ELA,XPK,2022-08-01,2022-03-02,22:09,7:53,7.79,American,Boeing 777
6158,QIG,YNH,2022-11-12,2022-12-10,20:39,2:41,14.88,Delta,Boeing 747
7791,GDQ,BOR,2022-06-03,2022-01-23,11:46,9:11,6.95,Delta,Boeing 777
684,ADB,GSI,2022-08-28,2022-08-18,22:15,21:05,5.41,Delta,Airbus A350
6693,TTA,NLG,2022-10-26,2022-01-25,7:41,2:32,3.61,American,Boeing 747
3715,KKU,BRS,2022-01-30,2022-07-29,19:15,5:08,2.68,American,Boeing 737
2363,BJG,SPH,2022-02-05,2022-04-06,17:49,11:06,15.09,American,Embraer E190
4403,JCK,NDL,2022-01-09,2022-12-09,7:07,12:25,11.33,United,Boeing 747
6772,CEE,KTF,2022-09-24,2022-08-16,16:46,21:16,5.85,Jetblue,Boeing 747
7874,NDR,KIX,2022-07-12,2022-08-13,2:23,4:12,8.09,American,Airbus A320
8879,MXW,RDZ,2022-01-18,2022-07-10,7:16,7:46,2.97,American,Embraer E190
8007,TGG,LYT,2022-01-15,2022-12-04,18:54,5:31,4.21,United,Boeing 777
6319,XOG,IMQ,2022-08-16,2022-07-21,22:09,14:44,13.89,Jetblue,Boeing 737
363,APS,AXG,2022-11-23,2022-02-23,16:50,3:31,7.17,Jetblue,Boeing 737
1855,NOG,KCK,2022-12-05,2022-07-25,3:05,5:52,15.18,United,Boeing 747
47,BFE,TGD,2022-01-19,2022-04-15,6:03,16:06,6.61,Jetblue,Airbus A350
9387,PER,TBG,2022-08-15,2022-12-27,11:40,3:57,11.69,American,Airbus A350
2044,SVD,VLA,2022-10-30,2022-07-06,23:48,2:03,3.92,United,Boeing 737
7921,TGQ,POU,2022-06-29,2022-03-02,18:42,9:34,10.11,Delta,Boeing 777
4116,ZLX,ASY,2022-03-01,2022-09-28,2:51,10:53,14.57,American,Boeing 777
975,RER,LGL,2022-09-05,2022-07-12,23:47,9:12,5.73,American,Airbus A350
9360,MSD,AVK,2022-06-17,2022-09-22,19:40,11:30,13.03,United,Embraer E190
2503,MYY,GHA,2022-01-20,2022-06-18,7:08,0:36,13.54,American,Embraer E190
3556,BCP,LGK,2022-02-07,2022-02-07,13:18,12:53,10.16,United,Boeing 747
8979,NRS,KMX,2022-01-02,2022-05-29,1:08,5:32,12.01,Southwest,Boeing 747
7517,SXJ,MPW,2022-03-31,2022-12-30,17:32,23:23,9.76,Southwest,Boeing 747
6733,SOB,SYY,2022-11-08,2022-07-25,13:49,17:43,9.63,American,Boeing 737
719,JBQ,FBG,2022-07-23,2022-09-13,20:00,22:16,5.77,Jetblue,Boeing 777
9794,GGS,OAM,2022-08-16,2022-12-19,3:07,17:53,1.07,Delta,Boeing 747
6392,EWR,HVS,2022-01-01,2022-04-03,15:59,4:44,4.58,American,Airbus A320
4128,ONS,UAK,2022-10-02,2022-11-11,2:16,17:04,10.06,Jetblue,Embraer E190
2567,DGF,OSP,2022-03-06,2022-08-21,13:38,22:22,14.65,American,Boeing 777
3869,LMA,SZT,2022-10-26,2022-02-15,10:41,13:48,5.49,Delta,Boeing 747
6408,KLV,DLF,2022-07-19,2022-09-20,6:32,22:21,1.22,United,Boeing 777
1583,GXH,CNO,2022-03-29,2022-05-02,1:10,2:46,15.97,Delta,Boeing 747
1589,GRC,KTD,2022-06-07,2022-04-11,11:24,20:42,12.84,Delta,Embraer E190
7530,OGD,KRV,2022-12-15,2022-02-19,16:08,3:59,11.61,American,Embraer E190
7801,BKO,GZT,2022-12-19,2022-07-04,20:48,15:58,5.88,Southwest,Embraer E190
6482,ATT,AIV,2022-11-22,2022-05-31,21:51,15:23,1.85,Jetblue,Airbus A320
8219,OKA,KDB,2022-07-18,2022-07-13,18:58,12:46,2.61,American,Boeing 747
9875,NHV,ZJI,2022-03-20,2022-03-15,13:38,22:36,11.44,Delta,Airbus A350
932,WVL,LHE,2022-07-28,2022-11-30,11:35,1:55,1.02,United,Embraer E190
5493,PSQ,MJU,2022-05-12,2022-08-06,7:26,9:29,13.01,United,Boeing 747
8301,JGO,LLF,2022-11-27,2022-02-12,18:01,14:31,14.7,Jetblue,Airbus A320
6427,PVF,TOI,2022-03-22,2022-05-28,18:20,0:54,12.59,Southwest,Boeing 747
1317,CPG,MVE,2022-06-22,2022-08-09,1:09,9:43,1.04,American,Boeing 747
9394,FNJ,YAR,2022-11-11,2022-01-19,21:11,10:32,11.18,American,Boeing 747
9351,VOL,PIR,2022-03-12,2022-11-04,16:47,7:34,12.91,Delta,Airbus A350
4260,LOI,STP,2022-01-07,2022-03-04,22:50,6:50,11.93,American,Embraer E190
6219,WTZ,QSI,2022-02-20,2022-02-26,11:09,10:23,10.17,Southwest,Boeing 777
8688,MEA,HLS,2022-12-14,2022-10-05,12:24,1:08,5.47,American,Airbus A350
4737,ZMD,GVL,2022-06-04,2022-01-12,17:58,20:45,4.99,United,Boeing 747
4184,DUS,GUL,2022-10-20,2022-12-15,21:00,18:22,4.09,Southwest,Embraer E190
1894,GWT,YWS,2022-05-01,2022-09-06,12:44,14:17,6.5,United,Embraer E190
7715,DTI,PQS,2022-12-21,2022-01-04,11:55,3:23,12.46,Jetblue,Boeing 737
5613,BNH,GIR,2022-02-06,2022-07-04,10:52,11:22,14.47,American,Airbus A320
6585,FRL,PCN,2022-11-30,2022-12-25,5:06,6:19,12.4,Southwest,Boeing 777
9761,SDY,BSF,2022-05-02,2022-01-06,23:11,18:50,7.35,American,Boeing 777
5334,BMS,ZZU,2022-05-06,2022-01-30,5:00,10:09,8.51,Delta,Airbus A350
1541,UDR,NKX,2022-03-28,2022-03-28,22:00,20:52,2.43,Delta,Boeing 777
416,ATJ,YRO,2022-03-17,2022-05-26,4:20,6:25,4.8,Delta,Airbus A320
1836,CBN,AAU,2022-08-06,2022-07-10,8:24,12:03,9.35,American,Embraer E190
6597,SDY,INM,2022-09-28,2022-05-16,5:49,4:59,11.95,Southwest,Boeing 777
6523,SPS,KEY,2022-01-29,2022-03-03,12:24,23:02,8.51,Delta,Airbus A320
9169,GDO,BKR,2022-08-13,2022-01-02,18:23,12:30,14.82,United,Embraer E190
8402,NLA,PIP,2022-11-11,2022-01-04,13:20,13:02,14.23,Southwest,Boeing 737
7773,KRB,RMS,2022-04-28,2022-04-18,14:29,16:20,4.54,Delta,Embraer E190
6464,RBR,BIE,2022-06-16,2022-11-08,3:49,7:42,9.98,Delta,Boeing 747
8425,RHV,PRA,2022-07-14,2022-10-09,15:31,20:24,1.95,American,Airbus A320
8539,PWY,SKN,2022-07-29,2022-08-08,13:07,21:38,3.04,United,Airbus A320
4639,HDF,CMT,2022-11-11,2022-04-02,6:15,17:12,9.59,Jetblue,Embraer E190
6379,DEH,TDO,2022-03-28,2022-07-28,14:11,3:37,3.55,Jetblue,Boeing 777
3733,YHH,MAX,2022-06-06,2022-08-17,2:25,13:01,9.61,Delta,Boeing 747
7458,QFG,RDV,2022-11-12,2022-09-03,15:58,4:32,3.76,American,Boeing 747
6469,ETH,AID,2022-06-08,2022-12-04,18:34,22:14,13.21,Delta,Airbus A350
1329,DAX,LYB,2022-01-30,2022-11-07,1:35,23:55,3.88,American,Boeing 747
213,MLM,HOI,2022-08-21,2022-03-15,16:02,6:46,10.68,American,Embraer E190
326,CFN,RGE,2022-09-03,2022-01-03,16:06,12:21,3.73,Delta,Airbus A320
6640,ZBF,PYM,2022-10-15,2022-06-12,1:18,3:45,14.54,Delta,Airbus A320
6983,MFV,LFB,2022-08-15,2022-04-06,18:22,11:24,7.44,American,Boeing 737
8905,PQC,NTG,2022-02-08,2022-01-06,13:16,10:03,5.52,United,Boeing 737
3740,PLF,KSX,2022-09-09,2022-05-10,22:57,9:33,8.84,United,Boeing 777
9427,FLW,BEE,2022-08-28,2022-02-17,17:31,11:49,5.83,United,Boeing 777
2852,MDN,CRI,2022-04-09,2022-03-17,0:46,17:41,15.13,American,Boeing 747
9772,HRK,QIT,2022-10-24,2022-10-01,14:34,8:35,11.09,American,Boeing 737
3412,LDO,MPV,2022-09-16,2022-07-30,23:46,15:03,2.61,United,Embraer E190
5336,UTC,AYK,2022-09-16,2022-12-30,15:00,18:42,1.82,Jetblue,Airbus A320
7243,AKS,MSU,2022-05-03,2022-03-11,19:30,17:09,3.38,United,Airbus A320
7700,SWX,JDG,2022-08-15,2022-09-10,2:33,13:26,10.63,American,Embraer E190
9313,VND,MNS,2022-05-20,2022-10-22,2:03,15:59,10.28,Jetblue,Airbus A320
1002,WJF,ABO,2022-03-29,2022-12-13,4:25,19:19,7.0,American,Embraer E190
5578,SZG,OVD,2022-10-07,2022-11-18,14:17,14:03,15.69,United,Boeing 777
1923,LAS,BDH,2022-07-21,2022-12-29,13:56,13:43,1.82,Delta,Boeing 747
6574,GZP,FEB,2022-04-30,2022-09-10,6:32,13:48,15.44,American,Boeing 777
1675,THX,MDD,2022-05-25,2022-04-17,12:22,23:33,13.29,Delta,Airbus A320
2091,VOZ,PIR,2022-01-29,2022-07-26,0:32,7:28,10.56,Southwest,Airbus A350
6860,FLD,FKS,2022-12-20,2022-01-02,4:45,6:56,8.21,American,Airbus A350
9898,FRH,GVR,2022-06-05,2022-06-25,8:18,21:31,7.68,Southwest,Boeing 747
2309,MQK,CJL,2022-12-24,2022-05-22,18:57,7:25,7.66,Southwest,Boeing 777
2086,GME,GFE,2022-06-02,2022-02-07,14:14,23:09,4.79,Delta,Airbus A320
1592,HFF,HTG,2022-10-08,2022-10-13,4:41,17:19,12.46,Southwest,Airbus A320
5321,YBY,YQK,2022-02-15,2022-12-08,10:37,11:11,7.33,Southwest,Boeing 777
6509,PHG,YSB,2022-02-10,2022-11-18,18:05,9:47,6.65,American,Airbus A350
7477,TSC,NKG,2022-08-04,2022-07-28,2:46,14:56,5.49,United,Boeing 777
5530,RIH,NPA,2022-01-23,2022-11-03,21:17,3:01,10.97,Delta,Boeing 777
8255,NVK,MND,2022-04-22,2022-05-18,8:29,17:49,7.47,Delta,Boeing 747
7618,AEP,CTH,2022-02-28,2022-08-30,4:42,19:39,10.98,American,Embraer E190
8894,MLL,CRZ,2022-01-19,2022-04-24,22:17,22:11,1.27,Delta,Boeing 737
2934,MRA,AVL,2022-06-22,2022-08-17,5:53,4:53,11.18,Southwest,Boeing 737
8503,TKF,ATT,2022-11-14,2022-04-16,0:34,15:49,5.26,United,Boeing 747
4222,CAJ,LBD,2022-10-14,2022-08-10,14:38,14:04,7.39,American,Boeing 777
8057,TSA,DCN,2022-01-01,2022-07-23,8:48,18:01,4.78,United,Boeing 737
1786,STV,FKN,2022-09-25,2022-03-08,10:30,12:40,10.37,American,Boeing 777
9665,FBU,CPQ,2022-01-04,2022-12-06,10:57,16:11,6.58,United,Boeing 777
3307,ABO,WBC,2022-02-07,2022-07-20,19:07,0:15,11.62,American,Airbus A320
574,TQR,STJ,2022-12-03,2022-05-16,4:40,8:57,9.45,Delta,Boeing 737
5684,FLA,SXY,2022-07-24,2022-02-16,13:40,16:01,12.19,United,Boeing 747
3800,HMR,KSZ,2022-01-24,2022-05-19,20:23,20:52,1.16,Delta,Airbus A320
5276,MGX,OLF,2022-11-08,2022-08-28,21:45,21:34,1.31,Delta,Boeing 737
6951,GAJ,ARR,2022-04-21,2022-01-12,13:54,20:57,6.75,United,Embraer E190
3554,GLP,HBG,2022-12-08,2022-08-28,13:35,16:58,1.58,American,Airbus A320
7803,AYS,VRB,2022-05-23,2022-06-01,1:22,20:52,2.69,American,Embraer E190
3565,MGW,AAH,2022-07-21,2022-06-01,9:23,11:17,8.58,United,Airbus A350
1414,MJZ,HGO,2022-07-29,2022-11-09,1:21,15:02,3.22,American,Embraer E190
923,NAK,KCS,2022-03-29,2022-11-05,14:12,16:49,6.67,American,Boeing 737
7890,GOT,TRW,2022-05-04,2022-05-08,15:39,19:53,13.56,American,Embraer E190
3543,EGP,EBH,2022-06-25,2022-11-03,12:10,17:43,8.5,American,Boeing 747
1703,DSD,HTW,2022-10-17,2022-05-24,22:39,5:46,7.33,Delta,Embraer E190
5034,KZF,IMM,2022-10-28,2022-09-06,18:32,10:03,4.98,United,Airbus A320
5973,PCA,TEQ,2022-02-20,2022-05-13,13:10,2:50,5.39,American,Airbus A320
6680,DHG,LUE,2022-03-17,2022-02-04,18:40,19:37,11.51,United,Embraer E190
6886,PGX,UAE,2022-04-06,2022-10-29,4:11,18:14,6.82,Southwest,Boeing 747
6325,BRR,TCG,2022-07-01,2022-11-05,4:41,22:35,14.36,United,Boeing 747
7771,MQH,VBA,2022-09-19,2022-09-14,2:59,2:01,9.19,American,Boeing 777
6188,AZZ,IRG,2022-05-02,2022-06-22,22:19,3:43,3.13,Jetblue,Airbus A320
7201,PPK,CVN,2022-09-05,2022-10-02,23:57,3:58,1.14,American,Airbus A320
3794,WSX,TGP,2022-08-30,2022-05-10,18:38,0:46,2.57,American,Boeing 747
2021,ECG,SKV,2022-01-09,2022-03-10,11:54,16:48,13.84,American,Boeing 777
9573,GEG,LLF,2022-09-16,2022-09-04,6:31,13:38,11.65,Delta,Airbus A320
2835,MKN,THB,2022-11-13,2022-11-16,0:12,14:00,10.93,American,Boeing 737
9024,AJR,TSS,2022-03-19,2022-10-20,11:26,3:25,12.91,Jetblue,Embraer E190
8518,TLW,AID,2022-10-25,2022-08-24,14:15,10:05,8.32,American,Boeing 777
4931,TNZ,ZLR,2022-11-09,2022-07-04,6:02,23:53,15.29,Southwest,Airbus A320
2048,KBE,PMX,2022-02-11,2022-10-05,17:03,2:12,13.94,United,Airbus A350
7346,PEL,LPS,2022-02-26,2022-12-08,22:58,4:59,7.86,Delta,Airbus A320
8098,MEF,PUK,2022-08-02,2022-07-01,9:12,1:25,1.25,Southwest,Embraer E190
650,CCD,CZL,2022-10-18,2022-04-15,17:11,12:15,6.23,United,Boeing 777
916,ENB,SJV,2022-05-31,2022-08-07,5:13,17:51,1.19,United,Airbus A320
9082,LGY,0,2022-06-29,2022-04-23,11:20,10:59,9.43,American,Boeing 777
5391,ILY,AAM,2022-12-08,2022-06-25,22:07,6:51,7.25,American,Boeing 747
2650,DKK,YXY,2022-01-22,2022-04-21,14:04,17:52,9.78,American,Boeing 747
2984,MGC,CVO,2022-11-20,2022-12-26,16:47,17:23,13.28,Delta,Boeing 777
8747,MNF,ORB,2022-07-05,2022-03-20,9:46,3:01,9.84,American,Embraer E190
962,BUW,XLO,2022-04-06,2022-10-30,19:49,2:00,14.61,United,Boeing 747
1877,MCM,HUL,2022-05-04,2022-08-24,5:57,9:36,8.89,American,Boeing 737
377,GPZ,LGU,2022-07-15,2022-09-15,5:50,1:56,15.1,Delta,Boeing 777
2715,BWW,BMH,2022-04-16,2022-06-24,23:58,15:48,1.25,American,Boeing 747
6947,NDL,DOB,2022-12-19,2022-05-06,21:57,18:33,7.46,American,Boeing 737
6390,WSN,KOO,2022-01-10,2022-02-25,8:50,1:08,15.43,American,Boeing 737
9012,FYU,SYF,2022-11-29,2022-06-27,2:04,18:11,1.23,United,Airbus A350
3343,MBO,CIU,2022-04-03,2022-01-21,9:05,4:38,1.43,United,Embraer E190
1856,FUE,EKA,2022-05-10,2022-01-30,18:06,1:21,9.19,American,Boeing 737
5745,QNC,TUV,2022-06-21,2022-10-16,2:40,13:40,6.7,Delta,Embraer E190
186,KMG,NCN,2022-07-16,2022-03-11,23:30,3:47,7.61,Delta,Embraer E190
1246,MTE,YPD,2022-12-27,2022-11-20,16:24,16:54,11.39,American,Airbus A350
7011,VCR,WAG,2022-07-22,2022-01-07,11:30,7:43,7.22,United,Boeing 777
6641,GIZ,FRZ,2022-10-19,2022-06-01,22:47,16:37,2.64,American,Airbus A320
6213,TAQ,SFA,2022-04-13,2022-02-03,17:03,0:25,13.9,American,Boeing 737
6503,SUX,INU,2022-03-14,2022-06-19,5:40,5:48,10.28,United,Boeing 777
2190,YKU,KIE,2022-11-21,2022-07-19,18:53,6:50,7.52,United,Airbus A320
7160,CPM,UFA,2022-11-29,2022-05-24,3:25,3:32,5.51,Jetblue,Airbus A320
4726,GOV,OLL,2022-04-10,2022-05-23,2:16,5:44,13.05,Delta,Embraer E190
8324,VEL,GGL,2022-10-21,2022-09-29,5:46,1:06,10.65,Southwest,Embraer E190
7545,CHX,REB,2022-08-26,2022-11-16,21:02,12:48,11.96,United,Boeing 777
7599,LSP,FNH,2022-08-18,2022-03-11,5:51,9:08,10.81,United,Boeing 777
7331,IGM,EVW,2022-08-24,2022-02-07,3:52,7:50,10.26,American,Boeing 747
8878,KLN,SJE,2022-01-25,2022-06-10,3:24,21:25,4.68,American,Boeing 737
9438,OPU,BSO,2022-12-30,2022-06-17,4:44,4:31,6.57,American,Boeing 737
6325,WSO,JNB,2022-06-14,2022-06-26,10:17,5:16,3.53,Southwest,Embraer E190
631,SEV,PKK,2022-01-14,2022-08-16,3:17,11:14,3.17,United,Airbus A320
8618,GLM,CYG,2022-02-06,2022-07-05,1:49,0:34,10.36,American,Embraer E190
482,JXN,STM,2022-03-08,2022-04-23,5:48,1:50,4.14,United,Boeing 777
4910,TVL,MWB,2022-04-09,2022-02-17,18:39,9:34,1.4,Delta,Airbus A350
394,MVA,GSP,2022-06-24,2022-05-31,19:36,5:11,2.78,Delta,Airbus A320
6635,YIE,KSO,2022-11-19,2022-08-04,2:57,4:12,12.92,"",Boeing 777
9864,CIO,SNM,2022-09-24,2022-09-10,22:23,11:02,14.25,Delta,Embraer E190
8170,MCA,EBS,2022-12-03,2022-05-22,0:44,0:35,12.92,United,Boeing 777
7624,NLT,OKF,2022-06-05,2022-02-26,19:45,13:47,14.41,American,Embraer E190
6267,TIG,LTW,2022-07-07,2022-11-02,1:07,4:22,7.74,United,Boeing 737
9115,AOL,UGU,2022-08-22,2022-09-20,8:33,18:52,9.31,American,Embraer E190
7543,CIW,HDB,2022-02-26,2022-08-23,1:01,9:36,3.77,United,Boeing 747
5271,0,RKY,2022-09-16,2022-11-05,12:19,0:21,8.18,United,Airbus A320
2310,LRB,LDZ,2022-01-24,2022-10-06,4:27,16:13,13.94,United,Boeing 737
6352,VPN,MDX,2022-08-25,2022-07-13,22:25,15:52,9.71,Delta,Embraer E190
9699,UGT,JIA,2022-09-07,2022-02-07,0:29,2:41,6.98,Delta,Boeing 777
9448,HLH,CRM,2022-01-15,2022-10-02,4:41,3:19,13.73,Delta,Boeing 777
9740,AEX,GTR,2022-01-24,2022-06-22,4:49,22:26,6.01,American,Boeing 777
8236,KAW,ENE,2022-02-22,2022-06-13,4:25,21:35,13.84,Delta,Boeing 777
9855,FCH,ALA,2022-10-21,2022-05-05,17:45,0:41,10.02,United,Airbus A320
7714,BGF,NBE,2022-08-06,2022-11-16,12:53,9:23,9.03,American,Boeing 737
7173,SJS,VDB,2022-06-25,2022-05-15,20:34,17:31,14.8,Southwest,Airbus A320
6836,BHC,HPH,2022-10-14,2022-01-05,7:43,17:53,7.45,Delta,Airbus A320
313,KAA,MOF,2022-10-08,2022-03-15,1:45,12:15,2.68,American,Embraer E190
1460,YNG,KLA,2022-07-17,2022-08-23,9:08,4:39,7.75,Jetblue,Boeing 737
5754,CKY,BEK,2022-05-21,2022-03-25,10:00,18:00,13.11,Delta,Boeing 737
5976,FBS,SUA,2022-10-19,2022-10-29,8:54,18:49,13.53,American,Boeing 777
5493,CYG,PYX,2022-06-20,2022-11-12,12:47,19:45,3.06,American,Boeing 737
4477,PGE,YUB,2022-11-22,2022-01-17,2:06,16:11,7.11,Delta,Airbus A350
9498,GLK,POL,2022-07-07,2022-04-23,20:50,14:48,9.65,Jetblue,Boeing 777
9062,TAQ,INT,2022-05-19,2022-11-18,0:23,20:22,1.56,Delta,Airbus A320
7568,INC,KCN,2022-05-28,2022-08-11,9:25,14:22,11.92,"",Boeing 777
3050,FEP,BDV,2022-11-04,2022-11-01,12:19,19:24,11.94,Delta,Boeing 777
9413,RVN,RUM,2022-02-14,2022-10-12,1:20,23:12,14.95,United,Boeing 777
8460,ITR,MBX,2022-07-18,2022-11-18,18:36,14:41,11.3,Southwest,Embraer E190
133,AMF,TNQ,2022-04-16,2022-08-15,0:40,18:13,10.93,United,Airbus A320
7827,TLG,LXV,2022-07-20,2022-07-30,12:25,12:56,8.93,"",Airbus A350
2430,LYT,PYB,2022-07-29,2022-05-02,3:00,12:54,3.78,Southwest,Boeing 737
8808,KZD,SJU,2022-12-01,2022-09-22,5:31,2:18,8.02,Jetblue,Boeing 777
4446,SIR,ETR,2022-08-15,2022-03-25,17:47,2:09,8.67,United,Boeing 777
7963,ZFD,TJG,2022-02-23,2022-06-12,12:02,7:29,14.02,"",Boeing 747
3796,NSY,ZPH,2022-11-15,2022-09-12,7:33,15:30,1.17,Delta,Boeing 747
8476,YPQ,TES,2022-11-30,2022-04-29,8:32,19:04,2.54,Southwest,Airbus A320
1247,PVG,TQQ,2022-01-01,2022-05-25,4:35,17:21,6.2,American,Airbus A350
1112,ORG,GCY,2022-05-26,2022-07-02,0:02,16:36,14.0,United,Airbus A320
732,SIK,XMS,2022-11-06,2022-03-03,7:55,21:04,5.91,United,Embraer E190
679,NAN,EML,2022-04-27,2022-08-28,7:46,15:13,1.98,American,Boeing 777
7588,SPQ,IKT,2022-06-29,2022-08-05,5:11,0:34,9.37,United,Embraer E190
1219,PEE,BAE,2022-06-08,2022-12-20,2:35,4:56,2.98,Jetblue,Airbus A350
3663,YFS,PYE,2022-01-30,2022-05-16,11:22,6:30,6.76,Southwest,Boeing 777
2876,PMB,SHX,2022-07-31,2022-03-17,14:00,20:37,5.48,Delta,Boeing 777
5106,PGZ,MDC,2022-01-12,2022-10-10,22:28,21:58,10.91,Southwest,Embraer E190
8666,AAN,GPT,2022-09-15,2022-09-27,13:56,11:12,10.32,United,Boeing 777
8447,IWK,AOE,2022-04-30,2022-09-20,20:13,7:20,8.24,American,Boeing 747
2590,AVO,JIJ,2022-06-18,2022-05-20,23:53,17:19,14.13,Southwest,Boeing 737
3073,KGK,LUJ,2022-12-06,2022-03-22,10:55,12:17,14.39,United,Boeing 777
9730,SRL,BRD,2022-09-05,2022-06-22,15:19,18:11,6.63,Delta,Embraer E190
3120,GHT,CXH,2022-03-28,2022-02-10,9:24,3:39,15.03,United,Airbus A320
7586,JRB,GOC,2022-04-20,2022-12-01,21:08,9:28,1.34,Delta,Boeing 747
3313,HRR,ILF,2022-08-27,2022-02-02,2:50,18:01,3.23,American,Boeing 737
6353,STJ,BDS,2022-08-02,2022-09-03,9:49,19:53,1.65,United,Boeing 737
7383,HYL,HHQ,2022-02-15,2022-08-07,15:53,23:50,1.69,United,Airbus A350
9949,DKK,SQM,2022-02-21,2022-11-28,12:42,21:19,9.15,Southwest,Boeing 737
6763,GBA,DNK,2022-07-09,2022-04-26,15:28,5:12,2.61,American,Embraer E190
8005,RMI,RAL,2022-09-14,2022-12-20,23:12,7:36,2.07,Delta,Embraer E190
7236,GRC,CTB,2022-03-03,2022-06-04,1:43,2:13,8.31,United,Boeing 777
3510,CNG,BAE,2022-06-09,2022-08-08,0:34,23:22,2.36,Jetblue,Boeing 777
4521,AFN,IQM,2022-02-23,2022-10-01,11:23,10:56,9.72,Delta,Boeing 737
2810,VDB,ENY,2022-03-08,2022-08-01,7:37,13:21,14.3,Jetblue,Boeing 777
192,KBU,MTC,2022-06-22,2022-05-21,9:36,14:26,6.44,United,Boeing 737
1167,BNZ,TUK,2022-12-07,2022-12-11,3:55,8:41,1.37,Delta,Airbus A320
7302,GVX,TDA,2022-02-18,2022-12-22,22:21,8:00,8.23,American,Airbus A350
676,HKV,TBQ,2022-09-28,2022-10-10,18:43,3:34,11.79,Delta,Embraer E190
5395,KID,HWK,2022-06-09,2022-11-19,15:50,2:02,8.94,Southwest,Boeing 777
6631,DZI,FKQ,2022-03-03,2022-04-29,14:42,0:53,13.11,Jetblue,Boeing 747
695,KMI,SNM,2022-08-19,2022-12-13,20:04,1:14,6.1,American,Boeing 747
738,EMG,SKD,2022-07-06,2022-04-03,10:31,21:19,5.15,United,Boeing 777
2650,YNT,YFA,2022-03-18,2022-08-01,12:36,9:50,14.78,American,Airbus A350
8422,DAA,BMG,2022-07-13,2022-01-17,9:38,19:38,12.96,United,Airbus A350
6865,BIO,YHA,2022-08-30,2022-09-15,23:41,7:14,9.52,United,Boeing 777
6546,EFK,AZT,2022-11-04,2022-01-23,6:44,10:16,14.04,Delta,Airbus A350
5479,OMC,HAV,2022-08-11,2022-10-18,15:45,6:04,3.05,Delta,Boeing 747
2281,IPL,NUK,2022-06-05,2022-10-23,11:51,5:07,14.05,Jetblue,Boeing 737
2106,BSS,INI,2022-11-20,2022-01-29,12:11,5:25,3.33,Delta,Boeing 747
9098,PTY,JUV,2022-01-01,2022-02-27,15:06,3:23,4.16,Jetblue,Airbus A350
5206,KCT,LGT,2022-03-26,2022-09-28,18:48,22:47,5.59,Jetblue,Boeing 737
8934,OBX,ELI,2022-01-24,2022-06-01,16:32,9:11,12.83,American,Boeing 777
8254,JUO,LPE,2022-04-27,2022-07-08,8:30,7:52,7.62,Delta,Boeing 737
3142,IDF,ASR,2022-06-08,2022-10-10,11:37,14:40,4.41,Delta,Boeing 777
5531,CTQ,UAS,2022-09-13,2022-07-09,13:06,4:10,12.64,Southwest,Airbus A350
6412,LUN,LFW,2022-05-16,2022-05-08,13:13,4:14,7.74,Jetblue,Boeing 747
9438,WUA,BEW,2022-12-01,2022-03-15,2:54,2:57,10.11,Delta,Airbus A320
9576,MDB,YCU,2022-08-26,2022-04-14,18:30,19:55,5.8,American,Embraer E190
3859,UND,VNO,2022-01-13,2022-01-10,23:00,12:28,3.65,Delta,Boeing 747
5048,LRR,CEW,2022-06-20,2022-03-17,21:20,10:58,11.09,United,Boeing 777
9119,MCX,0,2022-08-08,2022-08-24,14:06,23:37,5.82,American,Boeing 747
3340,KYO,TZX,2022-09-07,2022-10-10,0:16,9:50,12.22,Delta,Boeing 737
8762,YLM,TKC,2022-06-14,2022-05-18,13:44,23:46,3.68,American,Boeing 777
7710,0,RAH,2022-08-19,2022-04-16,1:45,8:14,12.59,American,Embraer E190
6405,VSF,FSZ,2022-10-07,2022-08-07,9:13,2:32,14.66,United,Embraer E190
2450,MTR,PVH,2022-07-21,2022-11-14,7:53,19:30,8.55,Southwest,Boeing 747
6520,TFT,KMX,2022-08-24,2022-07-11,0:05,6:39,3.69,Southwest,Embraer E190
8149,MCO,DTD,2022-07-28,2022-11-08,9:28,21:31,15.65,United,Embraer E190
3342,BGF,FNH,2022-03-08,2022-03-05,9:19,5:40,8.03,Delta,Boeing 737
757,BDD,CAQ,2022-05-28,2022-10-10,13:23,17:34,15.69,American,Embraer E190
800,CZN,MVY,2022-08-30,2022-01-31,6:26,7:37,6.89,American,Embraer E190
140,PAU,AHT,2022-06-02,2022-07-05,21:36,2:45,12.93,Delta,Embraer E190
7175,CXF,OAK,2022-06-09,2022-05-23,11:10,21:33,10.83,Southwest,Boeing 747
9132,HSC,PBI,2022-03-14,2022-07-31,22:34,7:46,14.94,Delta,Boeing 747
4062,ORO,LSP,2022-01-13,2022-10-17,4:30,12:32,3.94,Southwest,Embraer E190
515,AHC,WOT,2022-08-12,2022-05-17,18:58,13:52,10.97,Delta,Boeing 777
8580,WVL,JMS,2022-10-29,2022-12-09,13:21,21:20,14.1,United,Boeing 777
1087,LUY,LEE,2022-10-05,2022-11-20,2:24,20:26,2.03,Southwest,Airbus A320
5374,PYX,TDX,2022-04-09,2022-12-25,8:28,19:53,12.35,Delta,Boeing 777
4601,QUB,TNT,2022-09-02,2022-10-02,23:13,8:28,12.33,American,Embraer E190
9187,AGR,AGU,2022-01-18,2022-10-27,19:03,19:32,9.92,American,Embraer E190
526,0,BVK,2022-03-17,2022-07-02,6:43,22:05,6.9,American,Airbus A320
9279,INT,MEP,2022-02-09,2022-07-07,13:12,11:21,15.21,American,Airbus A350
3123,MTI,JJD,2022-09-24,2022-07-16,16:21,3:52,7.48,United,Airbus A320
1312,RCM,ZVG,2022-09-24,2022-04-16,22:20,20:14,15.68,Delta,Airbus A350
4146,YKZ,YSF,2022-01-30,2022-01-11,18:45,5:24,9.41,Jetblue,Boeing 777
7229,BTF,SBZ,2022-03-14,2022-04-13,19:52,8:19,8.61,United,Embraer E190
314,LMA,BWC,2022-09-04,2022-07-19,7:42,5:01,9.52,Delta,Boeing 747
2141,EDN,NYR,2022-03-24,2022-06-30,5:15,21:56,12.45,United,Boeing 777
7489,UOS,BUA,2022-09-05,2022-11-19,10:03,12:57,10.66,United,Airbus A320
5296,LEU,YCU,2022-10-07,2022-12-07,16:20,17:43,5.87,Jetblue,Airbus A350
3960,BOI,BOI,2022-05-04,2022-06-30,6:13,20:33,3.25,Delta,Airbus A350
6532,CHM,DAP,2022-06-14,2022-07-31,12:25,21:24,3.6,American,Boeing 777
2602,PKU,KMM,2022-09-04,2022-12-26,7:18,23:51,12.5,Southwest,Airbus A320
4272,AIN,MMY,2022-09-01,2022-07-21,3:01,2:40,12.69,American,Airbus A320
9792,VVK,MON,2022-03-11,2022-10-10,6:24,0:59,1.87,Delta,Boeing 747
1553,VVN,FIK,2022-11-01,2022-12-19,6:18,15:13,1.49,United,Embraer E190
645,HVR,GTO,2022-08-12,2022-08-25,20:08,14:21,7.82,Delta,Airbus A350
9218,YMW,RIH,2022-10-22,2022-09-21,17:31,10:17,10.98,Jetblue,Boeing 737
1325,BIQ,AKT,2022-03-16,2022-07-23,19:58,4:30,14.92,United,Boeing 747
8457,TGK,REW,2022-12-12,2022-05-22,9:32,4:40,9.11,Southwest,Embraer E190
8479,LBN,BXF,2022-08-03,2022-05-02,23:44,16:32,5.86,United,Boeing 747
4381,SZI,YIG,2022-11-05,2022-01-13,16:48,15:45,9.06,United,Boeing 777
9050,YYI,VYI,2022-01-01,2022-04-01,12:43,20:04,14.52,Southwest,Airbus A350
5909,CCM,YDL,2022-05-26,2022-02-09,5:21,13:56,9.17,Delta,Embraer E190
1047,CFR,CMI,2022-06-17,2022-01-24,12:55,3:36,8.82,Delta,Boeing 777
9412,RTM,HOE,2022-04-12,2022-07-29,16:28,2:59,15.09,Jetblue,Boeing 747
4606,ARC,HGZ,2022-03-20,2022-06-26,8:24,9:20,4.49,American,Embraer E190
5190,QDY,ZKG,2022-04-18,2022-07-02,22:51,8:17,12.06,United,Airbus A350
52,RDZ,KYI,2022-01-24,2022-10-23,13:37,15:12,10.09,United,Airbus A320
7859,BUC,EDN,2022-10-02,2022-01-13,18:18,23:14,1.22,United,Airbus A350
7100,AGU,DGF,2022-01-07,2022-11-01,22:12,1:22,5.01,United,Airbus A320
744,CDA,SGO,2022-05-14,2022-11-20,20:53,2:09,1.17,United,Embraer E190
8132,SHC,AKJ,2022-03-27,2022-05-05,22:36,20:44,9.43,American,Airbus A320
1574,WEW,BOX,2022-10-14,2022-01-16,4:19,22:28,12.74,Southwest,Airbus A350
3621,LUL,SUW,2022-09-26,2022-12-22,23:38,15:29,6.17,United,Boeing 737
6583,BET,HLC,2022-08-29,2022-03-16,22:18,22:47,12.5,Delta,Boeing 777
1917,LGL,ZER,2022-11-01,2022-03-03,9:15,9:16,7.24,United,Airbus A320
5749,UIT,DBT,2022-04-05,2022-07-21,9:28,11:19,3.14,Delta,Boeing 747
7481,BHJ,EIS,2022-01-16,2022-09-29,12:53,9:31,15.76,Southwest,Airbus A350
4192,SJS,AUG,2022-07-01,2022-10-10,8:41,1:15,6.27,American,Embraer E190
3615,KTR,LFI,2022-11-28,2022-06-20,23:25,12:58,11.87,Delta,Embraer E190
2294,OKA,HED,2022-02-08,2022-01-18,5:45,23:53,10.88,United,Boeing 747
7850,TOF,NRC,2022-09-27,2022-08-09,2:46,8:52,5.13,American,Boeing 747
7262,MKL,GRZ,2022-03-31,2022-09-11,0:27,9:38,7.95,United,Boeing 777
3419,CRV,BYB,2022-08-29,2022-11-21,13:22,2:37,7.84,Delta,Boeing 747
8081,MAS,TGL,2022-06-18,2022-09-28,9:55,4:46,10.4,Southwest,Airbus A350
673,ZBK,DMO,2022-05-10,2022-01-25,23:13,17:55,12.79,Delta,Boeing 777
8843,ERB,DZI,2022-10-10,2022-08-29,5:27,5:12,3.34,Delta,Airbus A320
2018,EOR,CCC,2022-05-28,2022-06-26,22:15,13:00,5.73,United,Airbus A350
1071,AGJ,SJU,2022-05-18,2022-06-09,7:49,0:26,4.28,Southwest,Boeing 777
8939,IFF,CTY,2022-01-13,2022-02-08,14:34,14:56,12.14,Jetblue,Airbus A350
5000,LGT,MSC,2022-11-28,2022-04-19,5:29,0:55,2.51,Delta,Embraer E190
1709,VOT,BBJ,2022-05-11,2022-06-04,8:20,14:29,2.23,United,Boeing 777
1491,FNE,ZTA,2022-03-07,2022-07-10,20:41,11:17,14.25,United,Embraer E190
6193,DUB,NRG,2022-05-02,2022-01-06,6:25,16:15,7.95,United,Boeing 777
1929,CRZ,ZHP,2022-02-15,2022-10-02,16:54,14:43,15.26,Jetblue,Boeing 747
8372,WEP,HAV,2022-04-07,2022-12-28,17:41,21:25,9.81,American,Embraer E190
1725,GEB,TAJ,2022-07-08,2022-05-07,6:47,14:14,3.37,Jetblue,Embraer E190
1811,YDU,MNB,2022-01-08,2022-02-03,23:45,22:32,12.73,Delta,Airbus A320
6693,MYD,WRE,2022-06-23,2022-04-12,16:34,15:20,9.98,United,Embraer E190
7238,YYN,BDR,2022-12-12,2022-02-25,9:16,10:02,1.12,United,Embraer E190
2677,APC,NUD,2022-12-09,2022-03-29,7:51,16:09,1.03,Delta,Embraer E190
5534,HMO,PAC,2022-04-24,2022-04-23,11:49,15:19,12.52,Jetblue,Boeing 777
2551,BQA,FGI,2022-10-19,2022-03-14,19:21,18:37,7.45,American,Boeing 777
7821,NOP,XMC,2022-03-18,2022-03-14,3:56,5:19,8.3,American,Boeing 747
1316,HIE,GTW,2022-11-26,2022-08-08,21:46,3:37,3.67,American,Embraer E190
5329,URS,EDI,2022-06-05,2022-12-20,22:46,23:48,15.03,American,Boeing 777
344,LPK,QCY,2022-12-06,2022-10-15,17:07,4:02,15.71,United,Airbus A350
7435,KGC,LIL,2022-07-30,2022-07-16,11:08,12:05,6.72,Southwest,Embraer E190
1601,SBI,SVF,2022-02-25,2022-03-13,4:23,2:30,6.75,Jetblue,Airbus A320
1868,BEW,RDP,2022-01-04,2022-09-30,16:37,4:15,9.19,Jetblue,Boeing 747
2660,LUL,MQV,2022-12-10,2022-05-25,18:53,9:01,2.02,Delta,Boeing 777
6212,CMR,PGA,2022-07-09,2022-06-16,15:37,23:11,13.87,American,Embraer E190
1083,BTQ,0,2022-03-02,2022-04-23,3:54,8:18,1.16,Delta,Boeing 747
7467,GUG,CGB,2022-12-11,2022-08-25,0:15,6:25,5.41,Southwest,Airbus A350
2027,AES,LEK,2022-09-14,2022-09-11,22:11,16:22,12.76,Jetblue,Airbus A350
943,WLA,PTQ,2022-01-10,2022-10-02,5:00,21:29,5.94,United,Boeing 777
1247,XSE,YAZ,2022-06-11,2022-10-03,14:51,3:04,5.65,Jetblue,Airbus A350
4919,MCS,MQE,2022-01-11,2022-01-16,6:45,10:33,4.78,Delta,Airbus A350
2107,MIS,SDK,2022-08-12,2022-01-02,5:12,2:39,8.38,Southwest,Airbus A350
7297,JXN,TOU,2022-03-29,2022-10-07,8:22,0:05,6.79,United,Boeing 777
7262,ZAG,YDC,2022-07-14,2022-11-03,0:28,1:08,11.95,American,Embraer E190
4419,YLY,RJL,2022-12-16,2022-12-27,4:44,18:18,13.16,United,Airbus A320
8429,GAE,CBQ,2022-02-24,2022-04-30,13:39,6:55,6.13,Jetblue,Airbus A320
3184,TPA,MMC,2022-02-12,2022-09-04,1:03,18:52,15.69,Delta,Boeing 747
6979,LEN,MFJ,2022-09-08,2022-03-19,1:10,13:32,4.35,United,Boeing 737
6961,WCA,SNL,2022-07-23,2022-06-10,12:36,18:05,4.82,Delta,Airbus A350
1038,YWR,BYP,2022-02-05,2022-05-22,3:41,7:47,11.99,United,Embraer E190
3720,HTN,GJA,2022-12-24,2022-04-06,11:14,0:27,12.41,Delta,Airbus A320
6224,SBW,WMI,2022-03-28,2022-10-18,2:46,8:09,14.05,American,Boeing 777
5002,BOK,LTQ,2022-12-13,2022-11-14,11:32,19:32,8.76,United,Boeing 777
8596,KZR,KGJ,2022-10-18,2022-11-22,6:54,4:37,12.57,Southwest,Boeing 777
3915,HUL,SAP,2022-10-29,2022-04-16,19:55,18:05,2.56,American,Boeing 737
8356,AFL,CHH,2022-05-03,2022-09-04,17:28,22:43,15.1,American,Airbus A350
3934,WMA,SCK,2022-10-15,2022-10-17,6:19,15:57,15.33,Jetblue,Boeing 777
6814,DLS,ZAT,2022-07-06,2022-06-26,9:26,19:16,15.38,Delta,Boeing 747
8914,YVC,IAM,2022-09-14,2022-07-04,13:05,23:55,4.76,American,Boeing 777
6482,KSX,IAN,2022-04-20,2022-07-12,13:39,18:03,2.71,United,Boeing 747
4860,CEG,GDH,2022-07-02,2022-04-27,7:19,16:03,12.39,United,Boeing 737
3111,BMR,BON,2022-02-17,2022-05-03,5:08,18:40,15.95,Delta,Boeing 747
5068,KOU,GNA,2022-11-17,2022-11-29,22:24,5:08,8.36,Southwest,Boeing 747
1763,KUL,FLN,2022-02-06,2022-04-23,16:01,22:33,6.89,Delta,Boeing 777
1267,MLN,PAQ,2022-12-05,2022-10-24,19:10,12:03,9.23,Delta,Boeing 777
9854,HOH,FBU,2022-09-10,2022-11-15,1:43,20:44,4.79,Delta,Boeing 777
1209,MKB,VBP,2022-08-25,2022-07-03,14:56,17:42,13.3,Jetblue,Boeing 777
1730,KPV,BSM,2022-09-10,2022-06-18,15:22,22:39,9.65,American,Boeing 747
1997,SIL,GTP,2022-05-09,2022-03-15,20:22,19:11,10.44,Jetblue,Embraer E190
7762,AXV,KDV,2022-05-07,2022-01-06,4:46,11:52,4.81,Delta,Boeing 747
7711,MXI,GLF,2022-02-10,2022-05-20,19:40,3:23,6.43,Southwest,Airbus A320
5363,PHX,MGI,2022-06-08,2022-02-24,13:07,3:19,6.28,Southwest,Airbus A320
5046,HGU,SJX,2022-11-08,2022-12-08,16:58,2:49,11.46,United,Embraer E190
9249,AGJ,0,2022-10-05,2022-11-02,6:45,6:49,2.16,American,Airbus A320
219,WIB,HVG,2022-07-21,2022-02-14,11:30,11:12,3.62,Delta,Embraer E190
5541,MRS,TCS,2022-09-01,2022-05-16,10:56,12:13,15.2,Jetblue,Boeing 737
7488,ZCN,ONR,2022-12-08,2022-03-13,17:41,9:26,14.24,Jetblue,Airbus A320
3863,OWK,ALW,2022-04-23,2022-06-10,4:19,19:49,3.73,Jetblue,Embraer E190
2723,PTC,TGN,2022-06-10,2022-02-15,16:37,14:26,8.62,American,Boeing 777
623,BED,ODR,2022-08-28,2022-01-03,18:52,7:18,10.52,American,Airbus A350
3759,UKT,TUV,2022-10-03,2022-02-26,6:54,6:24,4.54,American,Airbus A350
5007,NSM,OXB,2022-01-29,2022-07-15,22:36,18:53,3.34,United,Boeing 777
8443,XPP,HKA,2022-01-09,2022-09-11,21:39,8:38,11.02,American,Boeing 747
4955,AAE,TWB,2022-07-30,2022-11-07,17:20,20:36,10.78,United,Embraer E190
5964,LTG,ZKE,2022-01-01,2022-05-04,21:54,16:12,4.97,American,Boeing 777
7579,ORB,QEF,2022-04-11,2022-10-17,2:50,0:21,13.13,American,Boeing 737
282,EDD,HOD,2022-03-05,2022-11-15,16:45,0:06,3.98,Southwest,Airbus A350
5424,RBP,LNG,2022-01-02,2022-12-23,17:18,22:34,12.14,Jetblue,Embraer E190
9012,XDE,EIN,2022-09-29,2022-01-22,19:29,1:17,15.6,American,Embraer E190
6095,PDL,LML,2022-09-21,2022-11-27,6:36,9:31,6.58,American,Embraer E190
874,GCJ,LAH,2022-06-15,2022-09-14,16:56,4:49,10.09,Jetblue,Airbus A350
7041,AIT,BR-,2022-10-15,2022-02-28,5:58,13:13,1.15,Delta,Airbus A350
5029,DIK,BLB,2022-11-16,2022-05-10,16:14,10:08,13.02,American,Embraer E190
1205,BVP,CRK,2022-10-21,2022-09-16,1:24,1:43,15.15,United,Airbus A320
2363,UCC,EXT,2022-06-10,2022-01-08,21:37,15:22,7.47,Delta,Airbus A350
502,BDZ,KYE,2022-12-30,2022-07-10,18:27,23:47,11.87,Southwest,Airbus A350
2905,MQV,SIA,2022-02-06,2022-12-18,19:56,10:45,7.49,United,Embraer E190
8321,WFB,OPS,2022-03-10,2022-06-22,22:51,22:12,6.37,United,Embraer E190
9098,MHV,DIU,2022-01-31,2022-04-10,4:17,21:22,3.73,Jetblue,Embraer E190
3690,PHQ,BVO,2022-11-08,2022-07-29,1:13,10:41,13.34,Delta,Embraer E190
3950,CJM,OTM,2022-07-05,2022-01-25,13:41,3:02,1.93,Delta,Boeing 737
7677,WLW,PTY,2022-07-12,2022-09-25,13:21,15:37,4.23,American,Boeing 737
3388,MUB,UNI,2022-12-22,2022-09-22,13:26,1:53,7.28,United,Boeing 777
3720,0,RET,2022-05-13,2022-10-02,20:27,20:21,4.38,American,Airbus A320
4679,PDD,CTC,2022-07-21,2022-10-12,21:39,5:39,13.87,United,Embraer E190
387,CRO,TOH,2022-03-09,2022-04-01,20:21,15:45,10.92,American,Boeing 777
5145,0,EIK,2022-04-27,2022-10-18,4:06,18:55,7.01,Southwest,Embraer E190
9643,BVI,HLZ,2022-11-20,2022-01-22,14:22,0:12,4.04,Jetblue,Airbus A350
7151,GDO,ONO,2022-06-23,2022-02-24,23:09,2:22,9.22,United,Boeing 777
8222,MDK,SMK,2022-12-04,2022-01-05,11:00,3:59,4.57,"",Boeing 737
7038,MDB,FSU,2022-08-05,2022-01-13,15:22,23:22,9.0,United,Boeing 777
4786,TZL,BQW,2022-08-03,2022-08-04,14:16,0:03,12.39,Jetblue,Boeing 747
7347,DUJ,ZCL,2022-10-02,2022-06-10,7:02,14:06,2.53,Southwest,Airbus A320
4917,VDB,AYH,2022-06-16,2022-10-11,17:13,18:36,6.24,American,Boeing 737
8496,LLK,LPE,2022-08-11,2022-05-25,14:57,0:32,15.57,Delta,Boeing 747
9074,BAH,ACT,2022-02-01,2022-03-10,4:00,3:58,15.03,American,Airbus A320
6975,MRG,ZZV,2022-02-02,2022-06-15,0:29,19:01,1.69,Delta,Airbus A350
1649,SDR,GUM,2022-02-14,2022-07-01,3:47,8:51,5.99,Jetblue,Boeing 777
9327,KHE,PTW,2022-03-12,2022-07-09,4:49,6:47,4.12,Delta,Airbus A350
291,GEO,YAI,2022-09-24,2022-10-21,13:10,5:51,1.1,United,Airbus A320
3649,ACO,LZN,2022-08-07,2022-06-15,5:29,19:04,6.32,Delta,Boeing 777
2767,AAM,JSK,2022-01-13,2022-12-16,21:50,18:38,4.83,United,Boeing 777
5238,HKT,BLD,2022-06-25,2022-06-10,8:15,10:32,14.99,American,Boeing 747
1598,ETS,OGS,2022-06-11,2022-08-02,21:03,4:46,4.01,Delta,Airbus A320
182,QSX,AGZ,2022-05-22,2022-08-31,16:05,10:49,14.81,Delta,Embraer E190
308,RTS,SUY,2022-11-23,2022-03-22,23:11,8:22,12.84,United,Boeing 777
7697,LPO,YFJ,2022-12-30,2022-10-25,8:29,9:28,13.43,Delta,Airbus A320
8445,SPT,HIJ,2022-05-09,2022-09-28,13:51,22:05,4.61,Jetblue,Airbus A350
6248,AIP,BIN,2022-02-23,2022-03-11,9:11,9:22,1.3,American,Embraer E190
5257,VBY,TYT,2022-12-12,2022-08-08,10:04,21:46,6.14,Delta,Embraer E190
6040,AHN,DGN,2022-12-07,2022-05-22,1:48,8:21,9.06,American,Boeing 737
3005,EGC,SLU,2022-02-05,2022-11-12,3:09,23:12,15.49,Southwest,Boeing 777
1370,TPG,SNT,2022-07-21,2022-12-16,0:28,3:11,9.54,Delta,Airbus A350
5632,NAK,NKI,2022-11-01,2022-04-09,13:12,6:27,6.43,Delta,Boeing 777
2983,AKI,VBS,2022-06-24,2022-07-09,2:05,17:52,5.8,United,Embraer E190
6320,LCK,KVA,2022-05-02,2022-06-07,7:34,13:45,12.19,American,Boeing 737
73,SNR,HBA,2022-03-12,2022-06-03,20:26,13:14,5.99,Jetblue,Embraer E190
6399,PSG,WUX,2022-10-01,2022-07-20,14:34,0:17,3.35,United,Embraer E190
6484,ALU,CIT,2022-07-17,2022-09-03,19:34,20:00,7.73,Delta,Boeing 777
2493,DGE,KTA,2022-06-30,2022-06-16,21:44,17:42,15.01,Jetblue,Boeing 777
3181,KEH,OIM,2022-10-31,2022-07-23,16:59,11:14,11.6,United,Boeing 777
5889,GDW,YKS,2022-04-03,2022-07-30,20:12,3:49,2.98,American,Airbus A320
8282,IAS,COW,2022-10-08,2022-02-07,3:40,13:49,10.82,United,Boeing 777
4228,YHH,GML,2022-11-08,2022-03-01,4:48,7:11,13.22,United,Boeing 737
7872,HFN,LSA,2022-11-21,2022-11-14,5:30,17:14,11.93,United,Boeing 777
6500,GRU,AGX,2022-12-29,2022-09-26,6:22,11:35,3.6,American,Boeing 777
4449,HAY,HUZ,2022-06-01,2022-07-26,21:45,19:39,7.89,American,Airbus A320
9483,KES,VLV,2022-06-07,2022-06-16,11:48,15:36,6.86,United,Airbus A350
4867,BZP,STK,2022-03-25,2022-09-25,2:40,14:23,5.57,Jetblue,Boeing 777
1069,IXA,GVA,2022-08-04,2022-04-20,2:48,3:31,8.27,American,Embraer E190
1595,TMN,BUW,2022-11-24,2022-04-20,14:05,20:38,2.7,United,Boeing 737
9204,WLP,FPO,2022-11-01,2022-06-28,9:39,18:14,2.31,United,Embraer E190
484,CNK,NDA,2022-08-27,2022-05-21,5:50,4:25,5.37,American,Embraer E190
6137,PRO,LED,2022-11-28,2022-06-17,15:18,6:53,15.61,Delta,Airbus A320
5406,RUD,CMQ,2022-03-12,2022-09-16,12:35,9:07,10.86,Delta,Boeing 777
2856,BTN,DAM,2022-10-03,2022-08-15,18:59,6:13,13.98,United,Boeing 747
9049,SII,CWA,2022-05-05,2022-06-05,20:53,11:58,10.91,Delta,Airbus A320
747,PLS,PSM,2022-02-07,2022-03-21,13:07,1:06,9.97,American,Boeing 737
3044,CZF,AFS,2022-04-28,2022-09-30,14:25,20:48,10.75,American,Airbus A350
8582,OPB,HZB,2022-11-05,2022-01-10,3:31,5:24,10.41,United,Embraer E190
2910,TPS,ATJ,2022-04-21,2022-05-16,5:22,4:09,1.89,Jetblue,Airbus A320
3793,WRI,GME,2022-08-03,2022-07-18,4:27,19:22,6.65,United,Embraer E190
2347,PHI,TUM,2022-10-19,2022-06-05,21:34,2:30,12.83,United,Embraer E190
7270,REC,RBP,2022-11-23,2022-07-21,22:04,23:06,14.55,American,Boeing 747
1922,ILM,KOO,2022-05-27,2022-01-29,0:34,6:34,15.81,United,Boeing 747
1160,BMQ,BTZ,2022-05-29,2022-02-16,3:11,18:05,11.03,Jetblue,Boeing 777
4859,CSX,RKH,2022-05-26,2022-11-21,11:38,11:49,5.62,Delta,Airbus A320
2271,SPV,SCL,2022-01-21,2022-04-29,8:32,10:10,7.51,American,Boeing 777
3467,TVF,GLZ,2022-07-09,2022-01-16,17:57,11:20,2.88,Delta,Embraer E190
3511,OAX,VLD,2022-04-23,2022-04-13,23:25,16:06,9.68,United,Boeing 777
3473,PMT,LGB,2022-06-25,2022-12-29,22:24,9:43,14.9,Delta,Boeing 737
4211,BVF,INE,2022-06-04,2022-06-09,20:54,0:54,7.39,Jetblue,Boeing 777
5518,BIR,BVP,2022-08-31,2022-04-02,13:35,22:30,11.87,Jetblue,Airbus A320
8486,YMK,ZSJ,2022-12-11,2022-07-19,14:45,9:16,3.4,Jetblue,Boeing 747
7299,OSC,0,2022-10-21,2022-12-08,9:05,5:12,6.34,American,Boeing 737
3915,OWD,YXH,2022-07-24,2022-01-21,21:36,10:37,10.23,Delta,Embraer E190
5354,TVC,HZK,2022-02-07,2022-12-05,20:45,5:19,5.89,American,Boeing 737
6170,HIR,NNT,2022-08-17,2022-07-14,7:04,16:51,1.16,American,Boeing 737
9092,ANE,BCM,2022-03-14,2022-03-25,19:36,8:42,13.33,United,Boeing 737
9030,BMI,SYT,2022-10-11,2022-11-20,10:51,4:23,1.92,Jetblue,Airbus A350
9012,AAJ,FBS,2022-07-16,2022-11-14,6:02,5:11,14.84,United,Airbus A350
2525,UCT,BSO,2022-09-25,2022-11-09,12:16,8:55,10.63,United,Airbus A320
1840,OCE,IBL,2022-03-13,2022-06-18,21:34,13:55,7.58,United,Embraer E190
4754,MPA,DNB,2022-05-13,2022-09-04,15:29,1:28,7.35,American,Airbus A320
5273,MUZ,GTR,2022-02-25,2022-10-22,3:38,15:09,4.82,United,Embraer E190
3980,BBW,PUF,2022-02-02,2022-12-27,5:18,15:11,7.79,Delta,Boeing 777
4111,MKK,BTQ,2022-11-06,2022-03-19,21:11,9:25,12.9,Delta,Boeing 737
7976,VER,OPS,2022-12-19,2022-12-14,6:08,8:56,11.44,United,Airbus A350
3616,0,VLL,2022-07-28,2022-07-11,8:39,11:39,10.45,United,Boeing 777
8950,SAH,NOO,2022-11-16,2022-02-24,5:23,13:41,10.38,Delta,Boeing 777
1639,UKN,SJE,2022-05-09,2022-10-18,20:38,22:52,6.29,American,Embraer E190
9805,RVN,GYL,2022-08-31,2022-02-12,15:11,7:20,2.26,American,Airbus A350
4966,PTJ,PPY,2022-06-13,2022-08-20,22:37,16:25,6.94,United,Embraer E190
4111,DUG,AJI,2022-04-10,2022-04-04,11:14,16:05,12.08,Jetblue,Airbus A320
4771,KHH,RDO,2022-04-10,2022-07-08,17:05,14:42,2.65,Southwest,Boeing 777
5793,RTS,HIN,2022-07-20,2022-09-06,23:46,7:14,2.58,American,Embraer E190
5074,PNL,SRR,2022-01-28,2022-02-24,14:21,2:07,3.8,United,Embraer E190
7268,GSB,TLK,2022-11-15,2022-09-08,15:03,11:47,14.03,American,Airbus A350
162,WAK,INC,2022-11-14,2022-05-17,7:35,11:58,15.9,Southwest,Embraer E190
2169,AYI,AGG,2022-04-18,2022-03-15,0:38,13:51,11.88,Delta,Embraer E190
976,PAS,LKC,2022-06-05,2022-09-14,14:42,14:41,5.95,United,Embraer E190
5936,PTY,AGB,2022-02-23,2022-09-29,6:44,20:16,9.07,Jetblue,Boeing 747
7832,SHO,KLY,2022-05-18,2022-02-18,8:31,4:59,7.89,United,Airbus A350
5055,AOO,MJX,2022-06-28,2022-02-24,12:47,14:20,1.57,Southwest,Boeing 747
4438,BKH,RJL,2022-09-05,2022-05-11,10:56,15:42,5.62,United,Boeing 777
5443,GHN,KXF,2022-05-03,2022-12-16,0:43,4:34,1.31,Delta,Boeing 747
1984,FMI,KMG,2022-10-14,2022-09-28,13:52,14:51,1.12,American,Airbus A320
9167,UME,YLJ,2022-09-15,2022-01-04,5:01,7:39,3.31,Jetblue,Airbus A350
9715,GHC,LFK,2022-03-06,2022-02-26,0:55,19:53,2.95,American,Airbus A350
7414,HAI,UII,2022-03-09,2022-10-23,7:31,22:51,12.16,Southwest,Embraer E190
716,GLK,KGL,2022-08-26,2022-04-23,14:58,22:27,11.62,American,Embraer E190
6548,FLE,OLP,2022-12-29,2022-07-14,2:35,13:22,10.67,United,Boeing 737
240,GBG,MZT,2022-04-20,2022-05-08,3:25,8:22,2.94,American,Boeing 737
8092,ASL,BDL,2022-10-09,2022-06-29,22:36,23:25,7.4,Delta,Boeing 737
3061,NYM,LUH,2022-06-17,2022-01-18,17:51,7:42,13.74,United,Boeing 777
8883,KOF,TAY,2022-10-10,2022-04-17,6:56,0:34,4.96,United,Embraer E190
7379,CDG,JHL,2022-07-02,2022-02-06,2:30,1:24,5.53,United,Boeing 777
6078,MDO,NNR,2022-12-09,2022-09-06,21:05,10:33,8.9,Jetblue,Airbus A350
9851,KTT,ENO,2022-07-11,2022-07-15,16:45,23:26,7.4,American,Boeing 777
1345,FCS,0,2022-02-21,2022-12-17,0:53,9:19,7.37,Delta,Airbus A350
7299,BLS,RKP,2022-11-24,2022-11-25,9:10,1:57,10.47,United,Boeing 777
329,MJN,MLY,2022-08-26,2022-10-26,5:39,22:36,2.79,American,Airbus A320
5115,KKZ,ERH,2022-01-26,2022-02-26,14:29,18:38,10.34,American,Airbus A350
4210,WAP,BUW,2022-09-26,2022-11-25,9:39,19:40,14.51,Delta,Boeing 747
7102,SKC,KLR,2022-04-02,2022-12-22,23:22,22:19,7.12,American,Boeing 777
5627,KVG,AWR,2022-04-14,2022-04-01,0:48,20:19,15.41,United,Boeing 747
1403,MWB,LCH,2022-03-02,2022-04-03,10:15,4:19,3.94,Delta,Boeing 777
9169,MRS,KGJ,2022-11-18,2022-09-22,3:48,7:26,15.21,American,Airbus A320
6092,HVS,INW,2022-08-15,2022-08-12,1:35,19:02,4.22,Southwest,Airbus A350
7653,CTQ,AKM,2022-04-21,2022-05-15,12:07,22:54,4.92,American,Embraer E190
5361,TLH,KUV,2022-10-24,2022-09-21,10:36,9:47,13.3,Jetblue,Embraer E190
469,BII,MWG,2022-07-15,2022-11-19,22:17,11:03,8.38,American,Boeing 747
6723,NDG,IVR,2022-03-30,2022-07-14,15:55,19:11,8.84,Delta,Boeing 777
1284,SHB,KLQ,2022-08-29,2022-03-03,3:57,17:11,11.04,Delta,Boeing 777
9817,SKI,EMK,2022-12-23,2022-07-11,23:35,18:18,12.73,Delta,Embraer E190
6815,TRI,KVD,2022-06-10,2022-12-26,17:44,13:34,11.96,Delta,Boeing 737
604,MZA,NDI,2022-05-14,2022-07-31,10:34,8:14,10.59,United,Boeing 737
1465,JDN,JZH,2022-12-23,2022-04-10,4:05,10:58,12.59,American,Airbus A350
65,BEA,BKC,2022-06-23,2022-09-12,20:43,6:55,8.65,American,Boeing 737
2512,WMA,VSE,2022-03-03,2022-11-18,22:15,2:36,12.18,American,Boeing 747
941,RES,APX,2022-09-24,2022-01-30,23:41,13:54,10.29,Southwest,Boeing 747
4558,KDY,TYE,2022-01-12,2022-10-18,19:58,9:19,10.37,United,Embraer E190
430,LPG,BSD,2022-05-17,2022-07-17,23:58,0:07,8.54,United,Embraer E190
2552,SUG,WUS,2022-03-31,2022-07-10,16:58,8:26,12.17,American,Boeing 777
6629,MZD,OKF,2022-01-04,2022-03-01,20:55,0:10,11.47,American,Boeing 777
9335,QDB,MWB,2022-05-23,2022-04-17,11:28,12:14,10.31,Jetblue,Boeing 777
4838,CGR,XGG,2022-12-10,2022-01-18,12:19,21:47,4.52,Jetblue,Airbus A350
3431,DDU,QCY,2022-02-28,2022-05-07,9:17,4:33,7.46,Delta,Airbus A350
1059,YTL,MXF,2022-12-27,2022-10-14,20:56,11:42,15.94,United,Embraer E190
2331,MDU,BCU,2022-02-16,2022-09-07,9:38,3:30,13.65,American,Airbus A320
6088,KWJ,WBQ,2022-10-26,2022-06-24,22:56,2:54,2.06,Jetblue,Boeing 737
9860,KGT,ODE,2022-07-24,2022-06-06,6:43,21:23,14.04,United,Embraer E190
2631,FNJ,SJZ,2022-11-16,2022-03-28,10:37,2:36,14.37,Delta,Airbus A350
6880,JIA,BID,2022-01-20,2022-08-26,11:56,2:10,5.32,Delta,Boeing 777
9534,ZLX,NTL,2022-11-20,2022-03-29,23:00,9:01,10.91,American,Boeing 777
138,PBF,SKP,2022-05-23,2022-06-14,23:07,16:24,9.13,United,Embraer E190
7145,AAR,GMQ,2022-05-27,2022-06-17,18:20,8:52,5.85,American,Airbus A320
855,OSL,CLN,2022-07-29,2022-09-17,21:01,4:11,8.15,American,Boeing 737
1794,FCS,WAV,2022-12-19,2022-09-28,12:59,1:06,14.61,Delta,Embraer E190
2722,BUC,AEB,2022-01-14,2022-08-02,0:27,5:14,11.84,Jetblue,Airbus A350
3761,HUE,MCS,2022-05-31,2022-04-29,3:40,18:55,8.42,United,Embraer E190
4904,ODY,ABW,2022-11-06,2022-05-24,3:24,11:07,6.86,Jetblue,Airbus A320
73,SZW,OCS,2022-06-06,2022-02-20,9:54,2:48,6.11,American,Boeing 777
4968,CTF,SKA,2022-08-31,2022-04-20,14:38,2:56,1.41,"",Embraer E190
2004,WTO,TEI,2022-09-02,2022-08-19,4:24,3:12,14.91,American,Boeing 737
1718,MNR,PRI,2022-04-17,2022-10-01,7:58,12:40,3.98,Delta,Embraer E190
4495,TGC,RNU,2022-01-14,2022-01-04,17:12,21:07,4.01,Jetblue,Embraer E190
9737,MJT,MYV,2022-01-10,2022-01-17,23:17,3:42,8.83,American,Airbus A350
7288,FLF,BCH,2022-01-12,2022-09-03,6:47,2:20,2.23,Southwest,Boeing 777
1719,NMC,AQJ,2022-11-17,2022-01-01,13:04,6:19,5.77,Southwest,Airbus A350
8498,ULA,LAL,2022-08-12,2022-01-21,1:00,3:04,1.3,Delta,Airbus A320
8199,CNQ,KVC,2022-06-03,2022-03-14,8:11,13:46,2.04,United,Boeing 777
2704,RQO,CDI,2022-01-25,2022-12-01,15:10,11:31,7.54,United,Embraer E190
4942,BBP,RBL,2022-01-06,2022-09-29,21:31,17:55,6.72,United,Boeing 747
3230,ZXT,CNG,2022-01-17,2022-09-09,6:35,10:57,1.2,United,Embraer E190
255,NOA,RBR,2022-11-25,2022-04-04,18:44,2:50,1.47,American,Embraer E190
1247,AHI,JUN,2022-02-27,2022-06-19,2:46,18:18,13.81,Delta,Embraer E190
8824,TSE,HBH,2022-11-21,2022-08-06,18:07,14:48,15.35,United,Airbus A320
7499,WZQ,KCS,2022-05-13,2022-01-06,20:21,6:21,15.99,Southwest,Boeing 777
1583,KWK,YKE,2022-04-23,2022-04-20,4:33,7:37,14.99,American,Airbus A320
3150,IMG,GDW,2022-11-11,2022-12-04,19:01,7:58,12.66,Delta,Embraer E190
6753,SLK,TAP,2022-02-25,2022-12-14,9:13,20:20,1.7,United,Embraer E190
4800,GYR,LMR,2022-11-22,2022-01-01,18:52,15:15,13.62,United,Boeing 777
402,QGU,HRA,2022-09-02,2022-04-27,15:01,8:27,4.6,United,Embraer E190
6003,PPX,HEH,2022-01-14,2022-12-26,5:19,2:47,3.06,Southwest,Embraer E190
180,MFO,SMN,2022-09-11,2022-04-29,4:19,0:23,4.06,United,Boeing 737
79,YGA,ILH,2022-04-18,2022-03-26,2:36,2:32,4.43,American,Embraer E190
9541,HTA,REU,2022-04-20,2022-05-14,22:20,15:27,7.57,American,Airbus A350
9384,DGG,BDY,2022-06-15,2022-08-18,23:22,4:54,2.26,Delta,Boeing 737
4448,BUI,GSJ,2022-05-17,2022-07-20,3:23,18:15,8.88,Delta,Boeing 737
4663,JAG,ITR,2022-02-28,2022-08-09,19:57,3:39,9.88,United,Airbus A320
3400,JCH,CEZ,2022-04-27,2022-12-24,17:49,23:43,1.56,American,Airbus A350
5590,EAR,GFY,2022-03-18,2022-08-23,22:46,8:07,7.9,United,Boeing 747
9030,BGE,BLH,2022-04-24,2022-12-24,7:36,22:22,13.09,American,Boeing 747
5818,ZWL,PQS,2022-01-29,2022-08-28,23:13,5:31,5.19,American,Boeing 747
5295,YUL,MWJ,2022-12-24,2022-03-17,20:37,14:54,15.44,Delta,Airbus A350
8536,GKN,DWS,2022-09-08,2022-10-29,1:46,8:33,12.63,United,Embraer E190
3073,RAG,GND,2022-11-20,2022-01-07,5:12,6:54,3.08,Delta,Boeing 747
3213,JAV,CEH,2022-10-01,2022-05-19,23:38,17:22,2.24,United,Boeing 777
2342,BCL,LNP,2022-08-22,2022-11-27,13:27,16:22,11.32,American,Boeing 737
4828,IDA,ORL,2022-01-13,2022-07-03,9:36,0:30,11.83,United,Boeing 747
3143,BRM,BQE,2022-03-16,2022-03-02,23:58,0:02,12.01,Jetblue,Boeing 777
958,MRT,FYM,2022-08-29,2022-01-08,23:25,16:46,9.32,American,Boeing 747
2624,DEP,ORE,2022-07-15,2022-10-31,20:56,19:10,1.11,American,Embraer E190
2320,TTL,ADJ,2022-01-11,2022-10-14,4:11,23:41,12.38,United,Boeing 777
3435,KRD,IDF,2022-10-18,2022-09-01,21:51,20:00,4.39,United,Boeing 747
568,ICI,AGV,2022-04-07,2022-08-07,20:27,5:22,7.73,American,Airbus A350
7222,PMF,GAV,2022-05-09,2022-09-30,0:05,18:17,4.67,American,Embraer E190
7485,NTE,YEV,2022-11-19,2022-09-28,21:12,19:02,2.15,American,Boeing 777
4826,YHT,VAL,2022-11-26,2022-09-02,22:08,22:10,2.78,Delta,Boeing 737
4573,XMA,ASY,2022-03-04,2022-09-13,14:05,12:08,1.29,Jetblue,Boeing 737
6786,YZH,QXH,2022-10-27,2022-05-10,16:08,8:46,6.5,United,Boeing 747
9335,LIP,VBY,2022-01-31,2022-12-29,23:29,12:13,14.23,American,Embraer E190
8872,SAE,NSE,2022-04-05,2022-07-22,10:33,0:22,3.61,American,Boeing 747
5460,OOM,USK,2022-08-31,2022-04-03,22:15,0:23,4.47,Delta,Airbus A350
3453,CMG,RBI,2022-06-21,2022-02-06,11:38,13:44,12.02,Southwest,Boeing 777
2663,MXJ,AOC,2022-09-16,2022-02-12,4:29,13:21,13.99,American,Boeing 747
8765,AEU,KTX,2022-10-05,2022-02-02,10:36,2:42,2.16,American,Boeing 737
9775,AKW,OSR,2022-01-23,2022-12-12,9:47,13:29,5.37,Jetblue,Boeing 777
9750,LBC,ATA,2022-07-21,2022-04-20,6:05,14:25,1.45,Delta,Boeing 737
5300,DSD,DED,2022-12-23,2022-01-27,15:28,11:27,14.58,United,Boeing 777
7548,RUM,GIL,2022-01-30,2022-08-18,19:58,10:22,7.72,United,Airbus A350
7106,TBS,ISE,2022-06-14,2022-08-17,6:38,16:19,10.13,United,Embraer E190
3428,URS,PIM,2022-06-25,2022-12-30,22:20,18:12,2.99,American,Boeing 777
253,SFE,CMV,2022-05-08,2022-06-08,3:28,15:24,3.19,Southwest,Boeing 777
1461,WTR,LUJ,2022-11-25,2022-06-19,7:20,2:01,10.09,United,Airbus A320
7696,BTL,PBT,2022-03-31,2022-05-23,19:06,19:01,6.43,Delta,Boeing 737
1514,NHX,PCO,2022-08-21,2022-05-03,22:36,12:22,2.11,American,Embraer E190
6011,KLL,BRX,2022-04-21,2022-03-08,4:39,0:33,4.63,American,Airbus A350
692,MTH,LEP,2022-03-28,2022-07-22,9:56,3:49,7.84,United,Boeing 737
7201,AAA,ICY,2022-10-20,2022-01-13,14:05,6:24,3.3,Delta,Airbus A320
182,BLS,CEP,2022-02-09,2022-01-10,7:21,11:29,5.64,American,Boeing 777
8582,BLS,LOU,2022-10-13,2022-05-16,19:44,3:46,3.89,Southwest,Airbus A350
732,LLU,IMT,2022-07-03,2022-11-13,23:22,6:27,11.19,Delta,Embraer E190
5216,MZO,AKX,2022-01-21,2022-04-04,16:46,1:28,15.12,United,Boeing 737
3490,CNG,MOG,2022-02-18,2022-10-19,4:32,19:29,1.81,American,Boeing 737
3971,JGO,DTU,2022-04-18,2022-02-19,12:50,9:55,2.03,American,Embraer E190
5910,KAI,MVB,2022-02-19,2022-10-18,7:11,12:28,6.16,Delta,Boeing 777
8404,BTL,OGR,2022-12-23,2022-12-24,10:50,10:42,12.1,American,Boeing 777
8677,URM,QCO,2022-09-19,2022-07-19,0:19,15:12,15.4,American,Airbus A350
1449,ROG,RKY,2022-10-05,2022-05-17,15:15,3:30,8.69,American,Boeing 737
7683,SMW,ALQ,2022-07-26,2022-08-11,10:24,11:56,7.92,Southwest,Boeing 747
7190,UHE,DUC,2022-07-12,2022-01-10,18:35,13:22,2.16,Delta,Boeing 737
1755,HEW,CBR,2022-11-04,2022-01-08,8:24,14:34,8.52,United,Boeing 777
9967,BVZ,NLS,2022-08-18,2022-05-11,20:41,4:24,7.27,Jetblue,Boeing 737
8446,SKA,XTL,2022-09-20,2022-10-01,22:01,21:19,14.96,United,Embraer E190
4239,IXB,ZOF,2022-08-14,2022-10-12,9:09,7:29,7.44,American,Boeing 777
6673,NAC,BLD,2022-01-08,2022-08-16,22:55,23:30,5.01,United,Boeing 777
2760,IRI,NAH,2022-01-10,2022-06-19,14:42,10:36,8.98,Jetblue,Embraer E190
2433,BDL,CGB,2022-08-23,2022-04-12,6:21,7:56,5.47,American,Airbus A320
6469,DMN,VBS,2022-10-06,2022-02-20,19:40,2:57,5.31,United,Boeing 737
7540,ESB,ESK,2022-09-28,2022-01-07,13:16,20:40,14.52,United,Embraer E190
7082,OLS,JVI,2022-09-23,2022-09-22,16:41,11:27,7.06,American,Embraer E190
1182,CLO,BNX,2022-08-26,2022-01-22,18:23,19:57,7.44,Jetblue,Boeing 747
256,TMB,CIS,2022-08-11,2022-05-27,21:14,23:16,13.76,American,Boeing 747
2521,SEH,ALH,2022-01-25,2022-07-21,9:12,21:02,9.34,Southwest,Embraer E190
928,LSS,OUN,2022-03-22,2022-09-21,1:32,13:28,10.14,Jetblue,Boeing 747
1324,TIJ,DGA,2022-07-23,2022-11-21,3:56,18:14,11.22,United,Airbus A350
5213,DBB,NNM,2022-03-29,2022-06-20,3:31,13:59,6.09,Jetblue,Airbus A320
6456,FBD,LNH,2022-04-22,2022-10-22,9:39,22:57,5.48,United,Airbus A350
7123,DXD,WOK,2022-01-26,2022-12-13,23:37,22:10,8.7,United,Airbus A350
9062,GFR,BXA,2022-04-26,2022-09-23,23:09,15:51,2.5,Jetblue,Airbus A320
1685,CTE,RBF,2022-02-27,2022-08-14,15:11,0:26,1.11,Delta,Airbus A350
8465,PSP,ZBR,2022-02-26,2022-08-22,13:51,12:54,9.65,Delta,Airbus A320
8475,ICN,SVT,2022-07-25,2022-05-15,6:06,2:56,10.52,American,Boeing 737
7956,SLK,SYO,2022-10-25,2022-05-30,9:01,18:06,8.19,American,Boeing 747
8594,BAX,BMX,2022-12-13,2022-10-26,3:26,15:31,11.84,American,Boeing 737
5694,CLD,RFS,2022-03-28,2022-09-17,8:34,16:12,9.45,Jetblue,Airbus A350
170,WSG,APT,2022-06-09,2022-11-07,4:52,21:01,4.15,United,Airbus A350
3210,MUE,BAQ,2022-03-17,2022-01-01,12:49,0:44,9.38,United,Boeing 737
3315,MSQ,TZM,2022-11-17,2022-11-30,5:29,21:06,14.36,Southwest,Boeing 737
1061,LBS,RKU,2022-11-07,2022-08-12,20:34,13:24,13.15,American,Embraer E190
5833,SLG,OGE,2022-07-09,2022-12-15,12:26,3:27,9.52,United,Airbus A320
4204,MOL,VAI,2022-08-17,2022-01-28,21:27,14:46,6.14,American,Airbus A350
7436,FAH,MGH,2022-06-25,2022-04-25,19:25,11:38,13.95,American,Embraer E190
3970,CNP,RAK,2022-09-01,2022-01-23,4:13,8:37,6.03,United,Boeing 747
945,SFM,KBU,2022-01-11,2022-03-29,13:36,1:10,15.92,Jetblue,Boeing 747
5724,NYM,WME,2022-06-03,2022-05-24,0:14,18:41,14.19,Delta,Boeing 737
2821,CCL,IPI,2022-06-14,2022-03-01,9:37,17:59,3.35,Jetblue,Boeing 777
2110,TZM,CPP,2022-03-09,2022-10-24,15:19,20:15,9.23,United,Embraer E190
2303,LMT,SQQ,2022-08-05,2022-03-25,23:35,10:52,11.44,Southwest,Airbus A350
8211,OVL,PPH,2022-05-06,2022-04-28,19:04,13:12,13.82,Jetblue,Embraer E190
7704,CAA,0,2022-04-26,2022-07-21,0:59,7:57,12.37,American,Boeing 747
1042,MDS,RUH,2022-04-24,2022-08-11,2:04,23:45,12.55,Jetblue,Embraer E190
4230,KTD,LOF,2022-12-16,2022-11-06,1:48,18:05,7.52,United,Embraer E190
1775,YHF,EPG,2022-02-21,2022-02-01,2:50,2:10,15.94,American,Airbus A320
7741,VSE,KTS,2022-04-29,2022-06-23,10:41,3:41,14.55,American,Embraer E190
6125,IVC,FAK,2022-11-10,2022-11-09,4:31,0:13,10.16,American,Embraer E190
2836,TEU,CRW,2022-03-05,2022-07-10,22:25,5:39,8.52,Jetblue,Boeing 777
2558,PFC,XFW,2022-08-04,2022-05-11,2:29,13:00,13.86,American,Embraer E190
9915,IAN,SFZ,2022-01-22,2022-12-17,4:55,19:34,8.12,United,Airbus A320
1103,CMQ,MRE,2022-07-27,2022-08-17,6:25,17:47,3.67,United,Embraer E190
685,TNO,FTE,2022-01-25,2022-01-10,2:50,23:05,11.3,Delta,Boeing 737
1025,PIS,KBN,2022-07-14,2022-11-06,19:34,18:32,1.2,American,Boeing 777
764,KRA,YIW,2022-01-11,2022-11-12,7:08,17:19,3.91,Jetblue,Boeing 737
9142,GGT,AMZ,2022-09-28,2022-05-23,23:03,15:31,4.28,United,Airbus A320
1216,RIS,HKA,2022-04-11,2022-05-31,12:24,6:57,2.21,American,Boeing 777
8418,RZZ,SLU,2022-09-04,2022-07-26,4:10,17:16,15.53,United,Boeing 737
3575,SMM,SWO,2022-02-06,2022-07-17,7:40,19:16,4.37,Delta,Embraer E190
9258,EGM,RNT,2022-08-27,2022-09-16,16:56,15:53,9.64,Southwest,Boeing 747
8879,BMA,JGS,2022-08-11,2022-07-04,21:39,15:45,12.67,Jetblue,Boeing 777
42,LWK,MLL,2022-01-27,2022-05-11,6:32,9:22,4.09,Jetblue,Boeing 747
4248,RPR,SWV,2022-04-18,2022-04-03,19:10,17:25,7.53,Jetblue,Boeing 747
2336,CMQ,MCO,2022-02-19,2022-01-30,21:14,1:25,10.06,Jetblue,Boeing 777
9680,CEG,JIO,2022-06-05,2022-10-28,7:06,20:09,14.72,Southwest,Boeing 777
5963,QOQ,YSN,2022-09-13,2022-01-29,3:58,22:16,11.91,Jetblue,Boeing 777
4861,EVD,DRI,2022-02-28,2022-04-03,23:46,21:13,11.77,Jetblue,Boeing 777
7776,YGC,TRD,2022-01-28,2022-02-04,3:32,2:20,5.14,American,Boeing 777
2800,NTX,YQS,2022-02-27,2022-02-10,21:33,8:14,7.83,United,Airbus A320
4708,NYK,GSC,2022-05-01,2022-04-30,8:40,13:07,15.46,American,Embraer E190
9562,BRB,GYU,2022-02-05,2022-12-27,18:52,15:05,1.56,American,Embraer E190
307,JCT,ALS,2022-06-05,2022-06-06,20:50,15:28,13.03,American,Embraer E190
179,TND,CMC,2022-10-18,2022-11-13,8:59,2:28,6.59,United,Boeing 737
5903,JGR,BZY,2022-05-18,2022-05-25,15:51,5:17,14.15,American,Embraer E190
7081,UUS,AWB,2022-05-26,2022-04-29,15:17,20:02,5.99,United,Airbus A350
3174,CLP,BLE,2022-05-22,2022-06-24,12:37,21:46,1.34,United,Airbus A350
2312,ENL,YCN,2022-05-16,2022-08-25,18:07,10:34,14.78,Southwest,Boeing 747
5180,PKP,KPV,2022-05-15,2022-06-27,22:52,0:53,8.99,American,Embraer E190
2790,PSA,JAU,2022-08-01,2022-10-11,5:36,7:06,11.47,Southwest,Boeing 737
2274,SII,BTB,2022-05-10,2022-11-04,19:08,17:57,10.86,United,Boeing 737
9228,GMA,ETH,2022-09-08,2022-05-29,0:31,3:01,5.12,American,Airbus A350
9467,UET,SHM,2022-01-18,2022-01-09,11:53,11:59,7.33,"",Embraer E190
7706,BLD,MBT,2022-10-05,2022-11-08,6:15,9:03,4.69,American,Boeing 737
95,WUH,VAH,2022-08-22,2022-11-17,10:46,16:11,3.12,Southwest,Airbus A320
1260,BSY,DBP,2022-06-25,2022-05-22,7:48,10:56,11.3,Southwest,Boeing 737
4920,HPR,OMA,2022-03-14,2022-06-30,11:09,23:03,6.12,Delta,Airbus A350
3384,KSF,AOS,2022-12-24,2022-05-26,9:47,13:58,2.04,Southwest,Boeing 777
9078,NPP,SLF,2022-09-19,2022-03-21,0:35,8:28,13.46,Southwest,Airbus A350
1632,IXK,VIU,2022-09-26,2022-06-26,6:39,14:10,13.58,American,Boeing 747
4705,ALT,KMN,2022-06-21,2022-07-27,10:15,21:36,9.42,Southwest,Boeing 737
9438,MRE,ADO,2022-02-20,2022-07-04,15:12,7:39,8.01,Delta,Boeing 777
114,TKX,RUH,2022-01-04,2022-01-11,19:52,4:52,1.05,American,Boeing 747
3733,PPW,MAO,2022-11-11,2022-01-17,22:55,6:16,15.95,United,Boeing 737
2610,HRK,DTR,2022-04-10,2022-04-16,1:05,22:41,7.67,American,Boeing 747
3753,ADN,WDI,2022-12-13,2022-11-30,5:47,2:35,2.66,United,Embraer E190
635,RHD,MNL,2022-01-22,2022-03-28,22:14,14:26,2.52,United,Boeing 737
6515,ALF,BTR,2022-01-21,2022-02-05,14:13,2:30,9.63,Delta,Airbus A350
2723,TFL,GOC,2022-01-04,2022-08-13,18:14,2:34,8.97,Delta,Boeing 737
8254,CVE,BEB,2022-10-30,2022-01-23,20:11,12:17,5.07,Jetblue,Airbus A350
4774,LTR,CCV,2022-02-10,2022-03-19,1:17,0:22,13.82,United,Boeing 737
1152,HUW,GOT,2022-04-01,2022-12-08,10:25,4:25,1.81,American,Boeing 777
3025,LPT,RKW,2022-02-21,2022-03-25,22:01,8:36,8.87,American,Boeing 747
257,RJI,RDP,2022-12-21,2022-09-12,21:58,15:35,11.31,American,Airbus A320
7420,ANK,LPY,2022-07-21,2022-07-16,17:21,18:01,9.57,Delta,Embraer E190
6338,HKY,LJU,2022-10-21,2022-06-13,6:05,23:08,13.46,American,Airbus A350
2070,MOY,OUH,2022-03-24,2022-04-07,19:25,20:32,11.51,American,Boeing 777
5322,KTV,DZU,2022-07-14,2022-04-27,16:40,18:38,3.19,Jetblue,Airbus A320
2566,PCB,ORR,2022-05-16,2022-05-24,8:19,17:19,9.65,United,Boeing 777
4456,FDF,0,2022-03-20,2022-04-24,12:01,21:40,14.94,United,Airbus A320
5898,VKT,EMK,2022-10-22,2022-11-18,14:50,19:59,6.94,American,Airbus A320
8837,INI,NDJ,2022-08-06,2022-10-11,20:21,12:21,10.5,Jetblue,Airbus A350
495,TCD,MIG,2022-09-15,2022-05-12,18:50,15:23,5.45,United,Boeing 747
5932,CBV,BOP,2022-08-06,2022-10-20,15:44,3:39,8.32,Delta,Boeing 777
555,TIR,YCA,2022-01-19,2022-04-12,10:46,10:40,6.22,Jetblue,Airbus A320
4549,UKS,KAF,2022-10-05,2022-02-02,8:36,0:21,7.5,American,Airbus A350
9934,ACH,RIY,2022-10-07,2022-12-23,23:30,1:49,4.72,American,Airbus A320
3700,IKT,HUS,2022-12-26,2022-04-25,15:48,18:07,1.07,American,Airbus A350
1760,SBO,FRD,2022-08-15,2022-07-26,6:02,17:23,1.82,United,Boeing 747
8758,SVV,BBJ,2022-09-19,2022-07-09,13:52,9:09,10.26,Delta,Boeing 777
9996,HBX,MZA,2022-12-02,2022-04-04,6:51,14:45,13.15,American,Embraer E190
4825,YKJ,BUC,2022-05-09,2022-01-14,17:52,2:37,14.03,Jetblue,Boeing 777
9554,KRD,ETR,2022-02-07,2022-05-19,3:38,1:03,12.61,Delta,Boeing 747
603,YTT,IMM,2022-07-24,2022-10-24,3:08,15:00,1.96,United,Boeing 777
9681,KHT,SXW,2022-07-10,2022-06-07,6:45,8:49,14.6,Delta,Airbus A320
3636,GIZ,MFS,2022-08-13,2022-03-21,1:04,9:57,8.28,American,Embraer E190
4871,LUR,FFT,2022-01-25,2022-11-03,9:55,3:04,2.78,Southwest,Boeing 777
638,KUH,YYQ,2022-04-20,2022-04-02,1:57,17:02,6.13,Southwest,Boeing 777
6513,FXE,QOQ,2022-01-07,2022-07-29,1:41,18:22,13.92,Jetblue,Embraer E190
2450,AFN,YWY,2022-08-19,2022-02-25,5:25,0:59,7.68,Jetblue,Boeing 777
5779,PBL,CKO,2022-07-28,2022-05-23,16:17,14:45,13.78,American,Embraer E190
9164,QRW,GSJ,2022-05-13,2022-09-30,19:21,5:13,9.13,Delta,Boeing 737
5407,KLD,KFG,2022-01-24,2022-05-29,1:34,16:04,12.49,Jetblue,Boeing 747
2307,SMH,CSI,2022-04-07,2022-03-06,15:47,21:58,6.78,American,Boeing 777
6847,RBL,XRY,2022-11-26,2022-12-23,16:46,15:50,11.44,Jetblue,Embraer E190
8192,ZXT,IAD,2022-10-24,2022-01-01,7:27,0:18,15.93,Southwest,Airbus A350
335,ANY,YQU,2022-04-04,2022-11-28,22:18,23:02,1.35,Jetblue,Embraer E190
7459,KOC,VAI,2022-02-04,2022-05-04,6:14,21:01,1.18,Jetblue,Boeing 747
2250,KGY,DNH,2022-06-24,2022-05-27,4:25,17:27,10.72,American,Boeing 777
7823,JMJ,UNC,2022-10-29,2022-01-14,14:59,4:31,8.55,Delta,Boeing 747
1069,AVP,BRQ,2022-01-05,2022-03-09,22:06,7:23,3.38,Delta,Boeing 777
4367,FYU,IAM,2022-08-30,2022-01-12,8:04,14:21,14.43,American,Embraer E190
9177,ENF,PHC,2022-02-28,2022-05-19,13:45,2:50,7.54,Jetblue,Embraer E190
7192,MDA,SYI,2022-04-28,2022-06-11,23:15,8:04,3.6,Jetblue,Airbus A350
6490,REX,VAL,2022-04-01,2022-09-01,12:05,8:33,6.63,United,Boeing 777
3524,MGU,FIK,2022-05-14,2022-02-09,21:13,2:49,2.39,Delta,Embraer E190
8960,OLB,NOD,2022-12-27,2022-05-17,21:35,22:51,12.67,American,Boeing 747
1612,QPG,RDE,2022-04-15,2022-12-05,20:37,23:26,2.9,American,Embraer E190
5998,DOM,VIR,2022-07-14,2022-01-31,22:50,22:31,4.26,United,Boeing 737
9789,SYB,RDE,2022-09-27,2022-05-04,4:24,15:29,5.14,American,Boeing 737
7711,YHR,XRH,2022-04-06,2022-04-18,12:18,16:21,13.29,United,Embraer E190
8432,CGA,GWT,2022-09-07,2022-10-06,20:15,8:46,12.23,American,Embraer E190
6762,SMH,PYH,2022-09-14,2022-05-10,12:44,13:31,12.77,Delta,Boeing 777
2699,TIR,UBR,2022-12-16,2022-08-13,9:33,17:49,2.58,United,Airbus A350
7877,GRD,CPX,2022-10-22,2022-02-05,0:06,6:27,13.49,American,Embraer E190
3295,KSK,TOK,2022-12-09,2022-04-24,8:39,7:50,5.19,United,Embraer E190
4873,PIZ,AEX,2022-05-06,2022-01-16,3:29,17:46,10.7,United,Boeing 737
5789,SGV,LLW,2022-05-31,2022-08-04,13:26,8:15,3.75,American,Airbus A320
2337,TJH,YSM,2022-10-29,2022-05-24,3:34,0:24,5.92,United,Embraer E190
5417,YLG,VSF,2022-10-26,2022-09-29,15:11,10:31,5.88,Jetblue,Airbus A350
9973,MYC,VIU,2022-05-15,2022-10-08,16:19,0:56,8.54,United,Boeing 777
9502,BFS,BNM,2022-12-24,2022-02-12,11:11,5:25,12.86,American,Boeing 737
9679,BER,FLP,2022-10-19,2022-02-23,6:17,18:34,13.34,Delta,Boeing 747
870,CRZ,HIG,2022-11-16,2022-04-02,7:39,21:34,10.85,Jetblue,Boeing 747
5646,LUQ,NLS,2022-09-21,2022-12-17,22:36,20:45,10.51,Delta,Airbus A350
9299,ZGS,KGY,2022-07-31,2022-01-01,22:26,11:06,14.22,Southwest,Boeing 747
2235,SMP,OLR,2022-11-22,2022-01-30,15:28,21:49,6.52,American,Embraer E190
4633,RMN,LGO,2022-03-11,2022-09-13,14:52,13:43,3.64,Delta,Boeing 747
4842,RRL,DKI,2022-10-28,2022-03-09,9:06,23:34,13.51,Delta,Boeing 777
6464,AJJ,HNL,2022-10-28,2022-03-07,9:36,13:55,9.27,American,Boeing 737
774,JNS,DOB,2022-08-15,2022-06-25,13:07,6:58,12.01,Jetblue,Boeing 737
2829,JFR,CRO,2022-11-07,2022-03-20,13:31,18:13,5.23,American,Boeing 747
7135,DMM,CRZ,2022-01-21,2022-10-29,10:20,12:15,5.93,Delta,Boeing 737
2318,TKW,MLW,2022-08-26,2022-03-30,11:27,13:32,3.55,American,Boeing 777
8638,FLX,LGI,2022-12-07,2022-02-22,7:33,4:42,4.5,American,Embraer E190
7069,GSP,CLY,2022-11-01,2022-12-17,7:58,8:10,7.32,Southwest,Boeing 777
3448,GOO,OZA,2022-05-11,2022-12-19,17:10,0:55,1.41,American,Boeing 777
7483,MCH,ANP,2022-03-26,2022-05-31,21:05,17:38,12.16,Delta,Embraer E190
6080,ZJI,MLG,2022-03-26,2022-01-02,21:03,8:39,15.62,Southwest,Boeing 777
9880,OBO,RAS,2022-11-22,2022-11-22,23:39,8:38,8.48,United,Boeing 777
6504,VNC,OCE,2022-02-12,2022-11-23,13:04,13:37,3.19,United,Boeing 777
6242,PIM,RUY,2022-11-27,2022-02-04,13:16,23:35,15.02,American,Airbus A350
4310,ERE,HLG,2022-02-02,2022-05-22,20:58,5:28,7.58,Delta,Boeing 737
9174,YBX,TLB,2022-12-02,2022-10-16,8:24,6:58,4.22,United,Boeing 737
1455,SPF,HMI,2022-08-01,2022-02-06,6:17,9:30,1.69,United,Boeing 777
624,HIA,KBS,2022-09-21,2022-12-24,5:46,13:30,6.04,Jetblue,Embraer E190
9324,CGS,VNE,2022-10-18,2022-05-21,13:22,2:07,5.48,Southwest,Embraer E190
5862,TGU,DGM,2022-02-04,2022-02-08,23:03,21:55,15.9,Delta,Airbus A350
4608,HOB,MRC,2022-04-24,2022-11-05,9:38,14:03,9.53,American,Boeing 747
309,UKT,TPI,2022-04-18,2022-11-06,11:55,23:32,5.12,American,Boeing 777
1016,RKA,AIP,2022-01-16,2022-07-07,10:07,13:42,15.91,Jetblue,Airbus A350
1707,THZ,OLI,2022-02-17,2022-04-16,6:20,9:21,13.59,American,Boeing 737
2267,PYC,SQV,2022-04-03,2022-07-06,15:48,13:55,13.93,American,Airbus A320
8476,ULP,GMT,2022-09-07,2022-10-03,14:03,13:14,13.09,American,Airbus A350
9295,DRG,MNX,2022-10-11,2022-06-10,2:59,15:28,13.18,Delta,Embraer E190
3037,PKE,PTX,2022-12-29,2022-07-18,7:52,2:35,1.02,Delta,Airbus A320
859,ORN,HOM,2022-06-07,2022-11-06,4:10,15:40,8.63,United,Airbus A350
2056,AIP,VVK,2022-10-01,2022-12-03,7:57,3:00,2.25,United,Airbus A320
4382,LBQ,YTD,2022-02-25,2022-11-20,10:18,21:12,2.8,American,Embraer E190
2742,UIP,HAV,2022-07-24,2022-04-23,16:16,5:27,6.54,Delta,Boeing 777
6088,VRU,SXG,2022-04-17,2022-06-20,6:48,13:42,13.39,United,Embraer E190
2300,PNY,TIH,2022-07-21,2022-04-09,7:34,16:37,2.67,United,Airbus A320
4755,CEW,JSA,2022-08-06,2022-06-24,9:09,0:07,3.58,Jetblue,Embraer E190
7672,NNU,ZZU,2022-06-29,2022-10-29,1:19,19:40,2.2,Delta,Embraer E190
5517,SCS,WBC,2022-10-13,2022-09-26,15:52,14:03,13.41,Delta,Boeing 747
2818,IMT,RAL,2022-02-28,2022-07-19,7:06,6:12,11.33,Delta,Boeing 777
2596,FAS,QQT,2022-08-15,2022-08-11,9:20,11:12,1.15,Delta,Airbus A350
3220,VNX,DPU,2022-05-24,2022-08-25,5:23,1:26,1.32,Southwest,Airbus A320
4999,HLO,OZC,2022-05-11,2022-11-11,15:13,3:15,2.32,Southwest,Boeing 777
1329,DIQ,FRJ,2022-05-31,2022-03-06,6:47,8:41,8.67,United,Boeing 747
5213,SHM,XBJ,2022-12-27,2022-04-04,14:11,6:40,1.68,Delta,Boeing 747
3463,STM,SFN,2022-08-31,2022-07-17,22:23,7:15,5.22,American,Boeing 737
7120,HBH,KKK,2022-11-24,2022-06-14,22:13,23:21,15.75,Southwest,Embraer E190
8729,CNU,MBH,2022-05-26,2022-05-20,21:50,12:56,2.38,Jetblue,Boeing 777
4584,AKS,DGM,2022-12-06,2022-06-11,6:32,6:37,14.36,American,Embraer E190
8740,CDD,BVB,2022-07-22,2022-02-05,1:28,6:18,9.47,American,Embraer E190
1007,BHD,YGG,2022-12-11,2022-07-05,20:19,19:13,6.78,United,Boeing 747
489,DRC,LPD,2022-09-19,2022-01-24,23:56,7:56,3.76,Jetblue,Embraer E190
986,TJI,BLW,2022-03-15,2022-07-21,17:07,18:11,5.58,United,Boeing 737
3503,RLK,KME,2022-10-14,2022-03-29,19:18,21:01,14.6,United,Embraer E190
3762,RVH,WKK,2022-08-12,2022-01-29,8:55,6:27,3.63,United,Embraer E190
2231,EYR,GIZ,2022-09-26,2022-09-03,11:20,11:16,8.39,Delta,Airbus A320
3488,GGM,RNI,2022-08-15,2022-06-21,10:16,3:37,11.25,Delta,Airbus A320
9352,SYB,FOO,2022-09-20,2022-02-27,6:01,4:34,6.82,Delta,Boeing 737
7278,AJA,TTS,2022-08-08,2022-03-29,17:46,9:37,4.2,Delta,Airbus A350
6935,BUF,KOW,2022-07-12,2022-10-26,6:53,19:08,14.62,American,Embraer E190
6125,WIE,GWA,2022-07-04,2022-08-03,5:30,9:48,7.12,American,Embraer E190
5662,MBW,MXL,2022-04-12,2022-06-07,17:43,7:08,3.71,Jetblue,Embraer E190
2914,DKV,DTN,2022-12-27,2022-11-06,14:20,12:50,2.45,United,Boeing 777
6706,VIQ,NQA,2022-06-26,2022-01-30,4:41,2:49,10.8,Delta,Boeing 747
9940,BUA,GNV,2022-06-18,2022-12-25,10:26,7:52,3.54,United,Airbus A350
2323,DQM,DTB,2022-03-09,2022-12-19,15:58,9:23,11.77,United,Embraer E190
3502,BMU,KIJ,2022-05-08,2022-06-01,4:44,16:09,15.07,Delta,Embraer E190
6448,HEI,TBI,2022-05-02,2022-10-17,12:30,2:19,13.47,American,Airbus A350
1605,WAN,IMD,2022-09-12,2022-08-17,8:02,18:16,10.69,American,Boeing 747
4572,KDE,RYK,2022-05-11,2022-11-14,10:53,18:37,7.13,Delta,Boeing 747
4176,VAC,AEA,2022-11-30,2022-07-05,9:44,14:39,11.67,American,Airbus A350
21,CYD,WUH,2022-10-03,2022-12-04,12:08,22:54,7.46,American,Boeing 777
7432,KPC,RVI,2022-09-20,2022-09-17,9:55,10:27,13.6,Delta,Boeing 737
3352,NNT,HDE,2022-10-21,2022-09-23,6:47,17:05,9.18,Southwest,Boeing 747
1168,KVE,VGD,2022-10-12,2022-11-27,8:23,9:36,10.52,American,Boeing 777
3741,UNT,GYR,2022-05-17,2022-02-11,12:09,18:19,12.56,Delta,Airbus A350
2539,KUF,PNB,2022-08-01,2022-12-26,20:21,1:23,6.86,United,Boeing 777
9387,AFK,QSA,2022-12-01,2022-07-25,20:21,10:42,11.1,American,Airbus A320
8969,BXS,PDM,2022-06-04,2022-08-26,13:15,23:54,15.47,Southwest,Airbus A350
4999,DEE,WIU,2022-07-12,2022-08-06,23:36,17:44,6.09,Southwest,Boeing 777
5543,FBK,CZX,2022-11-20,2022-06-03,16:22,6:37,8.54,American,Airbus A350
8036,AEG,AUR,2022-06-03,2022-02-02,4:27,22:46,7.68,Southwest,Airbus A320
2457,LIF,UMY,2022-01-14,2022-04-24,6:28,19:44,14.65,Jetblue,Embraer E190
3238,0,PGI,2022-11-14,2022-01-05,18:57,4:17,5.56,United,Airbus A350
5366,CHK,QHP,2022-12-15,2022-01-12,8:53,20:09,4.01,United,Boeing 777
6695,SIR,TCW,2022-03-31,2022-11-25,1:00,16:44,4.81,United,Boeing 747
6153,TAS,MEC,2022-07-24,2022-03-14,13:33,18:57,15.46,Southwest,Embraer E190
6978,PZI,PNG,2022-04-13,2022-06-11,16:35,8:16,10.82,United,Embraer E190
3706,CMX,MMB,2022-07-15,2022-05-27,1:58,20:11,5.23,American,Boeing 737
1725,YXE,VIN,2022-06-06,2022-06-11,6:50,5:17,14.6,Southwest,Boeing 777
5786,YZZ,POG,2022-11-13,2022-04-21,18:38,12:07,14.35,Delta,Airbus A350
5477,LLM,KDZ,2022-03-24,2022-05-12,9:17,2:12,11.01,United,Airbus A320
2485,KSV,TIL,2022-02-11,2022-08-18,23:27,19:07,8.43,American,Boeing 777
606,OSO,AXL,2022-11-09,2022-06-06,8:37,14:38,12.96,United,Boeing 747
7240,JIO,ODH,2022-12-06,2022-04-16,0:52,2:36,7.5,American,Boeing 737
2191,UDR,YXP,2022-05-12,2022-07-08,17:17,1:47,14.14,American,Boeing 737
3877,LHR,LEE,2022-01-17,2022-09-06,4:18,20:02,11.87,American,Embraer E190
212,BGY,NLP,2022-12-12,2022-07-28,6:42,10:02,9.23,United,Airbus A320
8524,PXO,HSK,2022-08-11,2022-02-20,15:23,14:30,2.64,American,Airbus A320
6847,MGE,HBE,2022-08-10,2022-02-12,9:36,20:31,8.86,United,Boeing 777
8593,RKE,LYB,2022-06-11,2022-02-02,19:28,11:36,1.43,American,Airbus A320
8680,YEB,TSK,2022-01-03,2022-06-07,10:26,20:50,9.02,Delta,Boeing 737
3424,KDJ,STU,2022-02-16,2022-04-20,4:21,1:38,8.37,American,Embraer E190
4,XES,MKQ,2022-07-26,2022-01-12,2:18,16:27,12.25,United,Airbus A320
8278,SRS,BNB,2022-10-08,2022-05-26,18:59,8:11,2.86,United,Airbus A350
5666,OVR,CLZ,2022-10-22,2022-03-24,15:58,19:44,10.49,American,Boeing 777
9690,GOQ,APY,2022-09-17,2022-11-10,13:25,1:21,13.46,Jetblue,Boeing 737
5828,YDV,LOO,2022-05-29,2022-06-19,11:39,2:23,13.94,Jetblue,Boeing 747
8472,UME,MBU,2022-03-16,2022-10-14,21:05,19:01,7.16,Jetblue,Embraer E190
142,NDG,MNC,2022-11-28,2022-07-18,17:22,10:05,2.81,Southwest,Boeing 777
2428,GYL,AZR,2022-06-09,2022-01-21,9:00,19:28,8.87,United,Boeing 737
5726,DBS,TAC,2022-12-17,2022-05-11,6:23,2:05,15.15,United,Airbus A350
9707,NOP,LVB,2022-07-11,2022-07-08,11:21,20:14,15.23,Delta,Boeing 737
278,SDR,CFH,2022-09-12,2022-10-12,11:48,9:05,10.17,American,Boeing 737
857,AQY,NLC,2022-04-24,2022-12-11,6:23,7:34,2.66,Delta,Boeing 747
5393,YND,SZZ,2022-05-15,2022-07-23,9:50,19:19,12.62,Jetblue,Airbus A320
4247,MTQ,OUK,2022-04-02,2022-05-02,18:56,10:25,8.52,Delta,Airbus A350
9830,MQT,BGA,2022-08-25,2022-06-23,8:14,14:59,3.05,United,Boeing 747
4380,SQE,TOZ,2022-12-09,2022-07-25,13:58,5:46,7.54,Delta,Boeing 747
7478,SQW,HSH,2022-09-12,2022-09-26,15:05,23:14,4.41,Jetblue,Embraer E190
6628,QLT,MFE,2022-01-03,2022-06-24,6:38,3:49,4.07,Delta,Boeing 777
7125,BVX,RKI,2022-05-11,2022-05-16,16:41,7:31,14.08,Delta,Airbus A320
9837,PBP,TWT,2022-01-10,2022-04-27,19:26,1:49,11.7,American,Airbus A320
2407,YRI,JEE,2022-02-19,2022-06-06,7:42,20:37,6.77,Jetblue,Airbus A350
1830,NSY,CLO,2022-01-10,2022-09-17,6:44,15:09,9.42,American,Airbus A350
9286,BGF,SPA,2022-02-04,2022-09-30,2:48,21:22,7.61,American,Boeing 747
4517,BMG,MRF,2022-12-19,2022-08-20,9:25,18:49,4.93,United,Embraer E190
7557,HBX,BVO,2022-02-07,2022-03-21,23:29,11:43,9.19,Southwest,Boeing 747
985,KKR,UNA,2022-09-23,2022-04-25,7:40,20:38,8.92,American,Airbus A350
813,MYU,LLM,2022-11-03,2022-07-24,14:44,9:24,4.12,Southwest,Boeing 777
4029,HEW,NRB,2022-09-06,2022-04-30,15:19,19:07,14.78,United,Boeing 777
1486,BZR,BUS,2022-10-29,2022-08-31,11:46,14:33,6.18,American,Embraer E190
9175,RVO,DAX,2022-02-18,2022-01-30,18:20,1:57,15.11,American,Airbus A350
2341,SCR,WCH,2022-08-24,2022-01-06,0:28,10:45,11.16,Jetblue,Boeing 777
4898,SNY,YRM,2022-07-20,2022-02-09,18:35,19:45,14.08,United,Airbus A350
8277,VTG,IQA,2022-01-11,2022-07-25,3:47,2:17,9.1,Jetblue,Airbus A350
9482,ICI,KNE,2022-06-05,2022-02-08,19:06,9:58,7.94,Delta,Boeing 777
7267,IXR,RPX,2022-02-05,2022-02-27,20:02,7:32,8.68,American,Embraer E190
6231,SXT,YIP,2022-09-05,2022-07-15,16:19,0:39,8.82,Delta,Airbus A320
5392,GMR,ISE,2022-07-14,2022-10-29,23:13,23:08,9.57,American,Embraer E190
6356,0,IGA,2022-11-21,2022-03-29,1:53,21:11,3.4,American,Boeing 747
